item_text,item_title,item_model,item_picture,item_page
스포츠,스포티 캐주얼,모델 : 박현빈,https://image.msscdn.net/images/style/list/l_3_2023021515412200000034936.jpg,https://www.musinsa.com/app/styles/views/31625
아메리칸 캐주얼,와이드한 매력,모델 : 박현빈,https://image.msscdn.net/images/style/list/l_3_2023021515390100000064481.jpg,https://www.musinsa.com/app/styles/views/31624
스포츠,언더아머 코디,모델 : 박현빈,https://image.msscdn.net/images/style/list/l_3_2023021515363500000097740.jpg,https://www.musinsa.com/app/styles/views/31623
스포츠,셋업 스타일링,모델 : 박현빈,https://image.msscdn.net/images/style/list/l_3_2023021515342200000018092.jpg,https://www.musinsa.com/app/styles/views/31622
스트릿,손쉽게 멋 내기,모델 : 박현빈,https://image.msscdn.net/images/style/list/l_3_2023021515321500000010077.jpg,https://www.musinsa.com/app/styles/views/31621
포멀,미니멀 댄디 룩,모델 : 박현빈,https://image.msscdn.net/images/style/list/l_3_2023021515300400000071452.jpg,https://www.musinsa.com/app/styles/views/31620
댄디,블루 포인트,모델 : 박현빈,https://image.msscdn.net/images/style/list/l_3_2023021515275900000064187.jpg,https://www.musinsa.com/app/styles/views/31619
스트릿,디테일에 주목,모델 : 박현빈,https://image.msscdn.net/images/style/list/l_3_2023021515260100000058904.jpg,https://www.musinsa.com/app/styles/views/31618
댄디,간결한 실루엣,모델 : 박현빈,https://image.msscdn.net/images/style/list/l_3_2023021515234800000037058.jpg,https://www.musinsa.com/app/styles/views/31617
스트릿,이지 테크 웨어,모델 : 박현빈,https://image.msscdn.net/images/style/list/l_3_2023021515221200000087543.jpg,https://www.musinsa.com/app/styles/views/31616
캐주얼,무심한 멋,모델 : 박현빈,https://image.msscdn.net/images/style/list/l_3_2023021515201800000077074.jpg,https://www.musinsa.com/app/styles/views/31615
아메리칸 캐주얼,시티보이 룩,모델 : 박현빈,https://image.msscdn.net/images/style/list/l_3_2023021515180700000080930.jpg,https://www.musinsa.com/app/styles/views/31614
캐주얼,원 마일 웨어,모델 : 박현빈,https://image.msscdn.net/images/style/list/l_3_2023021515160600000040475.jpg,https://www.musinsa.com/app/styles/views/31613
댄디,레더 활용법,모델 : 박현빈,https://image.msscdn.net/images/style/list/l_3_2023021515142800000006247.jpg,https://www.musinsa.com/app/styles/views/31612
아메리칸 캐주얼,빈티지한 색감,모델 : 박현빈,https://image.msscdn.net/images/style/list/l_3_2023021515121100000077499.jpg,https://www.musinsa.com/app/styles/views/31611
댄디,누구나 좋아해,모델 : 박현빈,https://image.msscdn.net/images/style/list/l_3_2023021515100600000038203.jpg,https://www.musinsa.com/app/styles/views/31610
포멀,가벼운 출근 룩,모델 : 박현빈,https://image.msscdn.net/images/style/list/l_3_2023021515073200000060497.jpg,https://www.musinsa.com/app/styles/views/31609
댄디,레이어드 매치,모델 : 박현빈,https://image.msscdn.net/images/style/list/l_3_2023021515055300000023419.jpg,https://www.musinsa.com/app/styles/views/31608
댄디,깔끔 담백,모델 : 박현빈,https://image.msscdn.net/images/style/list/l_3_2023021515034400000067048.jpg,https://www.musinsa.com/app/styles/views/31607
골프,활동성 UP!,모델 : 박현빈,https://image.msscdn.net/images/style/list/l_3_2023021514581200000032890.jpg,https://www.musinsa.com/app/styles/views/31606
스트릿,스타일리시해,모델 : 이주은,https://image.msscdn.net/images/style/list/l_3_2023021511335100000095421.jpg,https://www.musinsa.com/app/styles/views/31605
캐주얼,대세 조합,모델 : 이주은,https://image.msscdn.net/images/style/list/l_3_2023021511305300000080830.jpg,https://www.musinsa.com/app/styles/views/31604
걸리시,완벽한 하루,모델 : 이주은,https://image.msscdn.net/images/style/list/l_3_2023021511280600000097563.jpg,https://www.musinsa.com/app/styles/views/31603
걸리시,요즘 스타일,모델 : 이주은,https://image.msscdn.net/images/style/list/l_3_2023021511253500000073863.jpg,https://www.musinsa.com/app/styles/views/31602
포멀,출근 룩 스타일링,모델 : 이주은,https://image.msscdn.net/images/style/list/l_3_2023021511185500000087658.jpg,https://www.musinsa.com/app/styles/views/31601
시크,쿨해 보여,모델 : 이주은,https://image.msscdn.net/images/style/list/l_3_2023021511161700000042607.jpg,https://www.musinsa.com/app/styles/views/31600
걸리시,뉴 프레피,모델 : 이주은,https://image.msscdn.net/images/style/list/l_3_2023021511125700000096788.jpg,https://www.musinsa.com/app/styles/views/31599
캐주얼,오버 핏 매치,모델 : 이주은,https://image.msscdn.net/images/style/list/l_3_2023021511095900000003178.jpg,https://www.musinsa.com/app/styles/views/31598
스포츠,운동하는 날,모델 : 이주은,https://image.msscdn.net/images/style/list/l_3_2023021511034600000014348.jpg,https://www.musinsa.com/app/styles/views/31597
캐주얼,데일리 캐주얼,모델 : 이주은,https://image.msscdn.net/images/style/list/l_3_2023021511013300000025398.jpg,https://www.musinsa.com/app/styles/views/31596
캐주얼,캠퍼스 훈녀,모델 : 이주은,https://image.msscdn.net/images/style/list/l_3_2023021510590100000076879.jpg,https://www.musinsa.com/app/styles/views/31595
스트릿,멋쁨의 정석,모델 : 이주은,https://image.msscdn.net/images/style/list/l_3_2023021510554800000009088.jpg,https://www.musinsa.com/app/styles/views/31594
캐주얼,원 마일 웨어,모델 : 이주은,https://image.msscdn.net/images/style/list/l_3_2023021510533000000002805.jpg,https://www.musinsa.com/app/styles/views/31593
캐주얼,지금 입어줘,모델 : 이주은,https://image.msscdn.net/images/style/list/l_3_2023021510450800000067294.jpg,https://www.musinsa.com/app/styles/views/31592
걸리시,하이틴 무드,모델 : 이주은,https://image.msscdn.net/images/style/list/l_3_2023021510425200000065108.jpg,https://www.musinsa.com/app/styles/views/31591
로맨틱,주말 데이트,모델 : 이주은,https://image.msscdn.net/images/style/list/l_3_2023021510401500000008639.jpg,https://www.musinsa.com/app/styles/views/31590
시크,유니크한 디테일,모델 : 이주은,https://image.msscdn.net/images/style/list/l_3_2023021510372500000090704.jpg,https://www.musinsa.com/app/styles/views/31589
시크,모던 시크 룩,모델 : 이주은,https://image.msscdn.net/images/style/list/l_3_2023021510342600000006952.jpg,https://www.musinsa.com/app/styles/views/31588
스트릿,힙한 연출,모델 : 이주은,https://image.msscdn.net/images/style/list/l_3_2023021510314700000035061.jpg,https://www.musinsa.com/app/styles/views/31587
골프,라운딩 가자,모델 : 이주은,https://image.msscdn.net/images/style/list/l_3_2023021510285400000038772.jpg,https://www.musinsa.com/app/styles/views/31586
스트릿,카디건 강조,모델 : 한승희,https://image.msscdn.net/images/style/list/l_3_2023021416505700000074455.jpg,https://www.musinsa.com/app/styles/views/31585
아메리칸 캐주얼,강렬한 색감,모델 : 한승희,https://image.msscdn.net/images/style/list/l_3_2023021416455600000087752.jpg,https://www.musinsa.com/app/styles/views/31584
스포츠,시크한 스포티 무드,모델 : 한승희,https://image.msscdn.net/images/style/list/l_3_2023021416370700000045562.jpg,https://www.musinsa.com/app/styles/views/31583
스포츠,톤온톤 코디,모델 : 한승희,https://image.msscdn.net/images/style/list/l_3_2023021416211800000006915.jpg,https://www.musinsa.com/app/styles/views/31582
캐주얼,센스 있게!,모델 : 한승희,https://image.msscdn.net/images/style/list/l_3_2023021416175600000070453.jpg,https://www.musinsa.com/app/styles/views/31581
스포츠,레이어드 강조,모델 : 한승희,https://image.msscdn.net/images/style/list/l_3_2023021416141700000074801.jpg,https://www.musinsa.com/app/styles/views/31580
스포츠,가벼운 발걸음,모델 : 한승희,https://image.msscdn.net/images/style/list/l_3_2023021416095700000042334.jpg,https://www.musinsa.com/app/styles/views/31579
스포츠,스타일리시하게 완성,모델 : 한승희,https://image.msscdn.net/images/style/list/l_3_2023021416065500000075218.jpg,https://www.musinsa.com/app/styles/views/31578
스포츠,간편한 스타일링,모델 : 한승희,https://image.msscdn.net/images/style/list/l_3_2023021416034300000089325.jpg,https://www.musinsa.com/app/styles/views/31577
스포츠,하이킹 가자!,모델 : 한승희,https://image.msscdn.net/images/style/list/l_3_2023021416002600000001232.jpg,https://www.musinsa.com/app/styles/views/31576
스포츠,컬러 포인트,모델 : 한승희,https://image.msscdn.net/images/style/list/l_3_2023021415564100000023343.jpg,https://www.musinsa.com/app/styles/views/31575
스포츠,셋업 코디,모델 : 한승희,https://image.msscdn.net/images/style/list/l_3_2023021415335200000078744.jpg,https://www.musinsa.com/app/styles/views/31574
스포츠,애슬레저 스타일,모델 : 한승희,https://image.msscdn.net/images/style/list/l_3_2023021415300700000067708.jpg,https://www.musinsa.com/app/styles/views/31573
캐주얼,활동성 있게!,모델 : 한승희,https://image.msscdn.net/images/style/list/l_3_2023021415244700000018495.jpg,https://www.musinsa.com/app/styles/views/31572
스포츠,아웃도어 룩,모델 : 한승희,https://image.msscdn.net/images/style/list/l_3_2023021415210100000053637.jpg,https://www.musinsa.com/app/styles/views/31571
로맨틱,여신 분위기,모델 : 진다민,https://image.msscdn.net/images/style/list/l_3_2023021017514500000028728.jpg,https://www.musinsa.com/app/styles/views/31570
걸리시,사랑스러워,모델 : 진다민,https://image.msscdn.net/images/style/list/l_3_2023021017484000000026573.jpg,https://www.musinsa.com/app/styles/views/31569
캐주얼,컬러 조합 좋아,모델 : 진다민,https://image.msscdn.net/images/style/list/l_3_2023021017453000000039507.jpg,https://www.musinsa.com/app/styles/views/31568
포멀,세련된 그녀,모델 : 진다민,https://image.msscdn.net/images/style/list/l_3_2023021017421400000089390.jpg,https://www.musinsa.com/app/styles/views/31567
캐주얼,핑크 홀릭,모델 : 진다민,https://image.msscdn.net/images/style/list/l_3_2023021017380700000094793.jpg,https://www.musinsa.com/app/styles/views/31566
스트릿,믹스 매치 룩,모델 : 진다민,https://image.msscdn.net/images/style/list/l_3_2023021017350000000071985.jpg,https://www.musinsa.com/app/styles/views/31565
캐주얼,감각적이야,모델 : 진다민,https://image.msscdn.net/images/style/list/l_3_2023021017311300000084524.jpg,https://www.musinsa.com/app/styles/views/31564
걸리시,여친 룩 추천,모델 : 진다민,https://image.msscdn.net/images/style/list/l_3_2023021017280300000099696.jpg,https://www.musinsa.com/app/styles/views/31563
캐주얼,요즘 스타일,모델 : 진다민,https://image.msscdn.net/images/style/list/l_3_2023021017244000000010197.jpg,https://www.musinsa.com/app/styles/views/31562
스트릿,레드 포인트,모델 : 진다민,https://image.msscdn.net/images/style/list/l_3_2023021017210300000027281.jpg,https://www.musinsa.com/app/styles/views/31561
걸리시,취향 저격,모델 : 진다민,https://image.msscdn.net/images/style/list/l_3_2023021017174400000016061.jpg,https://www.musinsa.com/app/styles/views/31560
로맨틱,로맨틱한 셋업,모델 : 진다민,https://image.msscdn.net/images/style/list/l_3_2023021017134100000076237.jpg,https://www.musinsa.com/app/styles/views/31559
캐주얼,빈티지한 멋,모델 : 진다민,https://image.msscdn.net/images/style/list/l_3_2023021017103000000026550.jpg,https://www.musinsa.com/app/styles/views/31558
캐주얼,데일리 스타일링,모델 : 진다민,https://image.msscdn.net/images/style/list/l_3_2023021017073300000095349.jpg,https://www.musinsa.com/app/styles/views/31557
스트릿,시크한 매치,모델 : 진다민,https://image.msscdn.net/images/style/list/l_3_2023021017042100000043403.jpg,https://www.musinsa.com/app/styles/views/31556
스포츠,고프코어 룩,모델 : 박준성,https://image.msscdn.net/images/style/list/l_3_2023020915383400000006346.jpg,https://www.musinsa.com/app/styles/views/31545
아메리칸 캐주얼,빈티지 무드,모델 : 박준성,https://image.msscdn.net/images/style/list/l_3_2023020915365400000098926.jpg,https://www.musinsa.com/app/styles/views/31544
스트릿,스트릿 바이브,모델 : 박준성,https://image.msscdn.net/images/style/list/l_3_2023020915350600000033519.jpg,https://www.musinsa.com/app/styles/views/31543
댄디,주말 데이트 룩,모델 : 박준성,https://image.msscdn.net/images/style/list/l_3_2023020915332900000037066.jpg,https://www.musinsa.com/app/styles/views/31542
댄디,따라 입고 싶은,모델 : 박준성,https://image.msscdn.net/images/style/list/l_3_2023020915313600000054187.jpg,https://www.musinsa.com/app/styles/views/31541
댄디,모노톤 스타일링,모델 : 박준성,https://image.msscdn.net/images/style/list/l_3_2023020915292500000043475.jpg,https://www.musinsa.com/app/styles/views/31540
댄디,하객 룩 추천!,모델 : 박준성,https://image.msscdn.net/images/style/list/l_3_2023020915270400000091221.jpg,https://www.musinsa.com/app/styles/views/31539
댄디,톤온톤 조합,모델 : 박준성,https://image.msscdn.net/images/style/list/l_3_2023020915250500000014529.jpg,https://www.musinsa.com/app/styles/views/31538
댄디,워너비 스타일,모델 : 박준성,https://image.msscdn.net/images/style/list/l_3_2023020915233200000002830.jpg,https://www.musinsa.com/app/styles/views/31537
댄디,뉴트럴 색감,모델 : 박준성,https://image.msscdn.net/images/style/list/l_3_2023020915170800000028143.jpg,https://www.musinsa.com/app/styles/views/31536
스트릿,디테일에 주목!,모델 : 박준성,https://image.msscdn.net/images/style/list/l_3_2023020915152600000079737.jpg,https://www.musinsa.com/app/styles/views/31535
스트릿,힙한 매력,모델 : 박준성,https://image.msscdn.net/images/style/list/l_3_2023020915025600000003836.jpg,https://www.musinsa.com/app/styles/views/31534
댄디,피코트 연출법,모델 : 박준성,https://image.msscdn.net/images/style/list/l_3_2023020915011700000032146.jpg,https://www.musinsa.com/app/styles/views/31533
스트릿,손쉽게 멋 내기,모델 : 박준성,https://image.msscdn.net/images/style/list/l_3_2023020914591600000042872.jpg,https://www.musinsa.com/app/styles/views/31532
댄디,환절기 데이트 룩,모델 : 박준성,https://image.msscdn.net/images/style/list/l_3_2023020914550200000012218.jpg,https://www.musinsa.com/app/styles/views/31531
댄디,담백하게,모델 : 박준성,https://image.msscdn.net/images/style/list/l_3_2023020914522300000056904.jpg,https://www.musinsa.com/app/styles/views/31530
댄디,레더 활용법,모델 : 박준성,https://image.msscdn.net/images/style/list/l_3_2023020914505600000080358.jpg,https://www.musinsa.com/app/styles/views/31529
아메리칸 캐주얼,아메리칸 캐주얼,모델 : 박준성,https://image.msscdn.net/images/style/list/l_3_2023020913434100000078677.jpg,https://www.musinsa.com/app/styles/views/31528
캐주얼,꾸안꾸,모델 : 박준성,https://image.msscdn.net/images/style/list/l_3_2023020913421700000018210.jpg,https://www.musinsa.com/app/styles/views/31527
캐주얼,오렌지 포인트!,모델 : 박준성,https://image.msscdn.net/images/style/list/l_3_2023020913400200000026934.jpg,https://www.musinsa.com/app/styles/views/31526
스트릿,힙 무드,모델 : 손세정,https://image.msscdn.net/images/style/list/l_3_2023013014591300000015537.jpg,https://www.musinsa.com/app/styles/views/31374
스트릿,쿨한 매력,모델 : 손세정,https://image.msscdn.net/images/style/list/l_3_2023013014564100000072347.jpg,https://www.musinsa.com/app/styles/views/31373
캐주얼,완벽 매치,모델 : 손세정,https://image.msscdn.net/images/style/list/l_3_2023013014530800000083548.jpg,https://www.musinsa.com/app/styles/views/31372
걸리시,유니크 걸리시,모델 : 손세정,https://image.msscdn.net/images/style/list/l_3_2023013014494500000023244.jpg,https://www.musinsa.com/app/styles/views/31371
캐주얼,손쉽게 멋내기,모델 : 손세정,https://image.msscdn.net/images/style/list/l_3_2023013014464000000074701.jpg,https://www.musinsa.com/app/styles/views/31370
캐주얼,탐나는 셋업,모델 : 손세정,https://image.msscdn.net/images/style/list/l_3_2023013014434600000053910.jpg,https://www.musinsa.com/app/styles/views/31369
스트릿,스트릿 그 자체,모델 : 손세정,https://image.msscdn.net/images/style/list/l_3_2023013014395900000079323.jpg,https://www.musinsa.com/app/styles/views/31368
스트릿,디테일에 주목,모델 : 손세정,https://image.msscdn.net/images/style/list/l_3_2023013014363700000064236.jpg,https://www.musinsa.com/app/styles/views/31367
캐주얼,캐주얼 끝판왕,모델 : 손세정,https://image.msscdn.net/images/style/list/l_3_2023013014315200000004491.jpg,https://www.musinsa.com/app/styles/views/31366
스트릿,모노톤 러버,모델 : 손세정,https://image.msscdn.net/images/style/list/l_3_2023013014285900000092415.jpg,https://www.musinsa.com/app/styles/views/31365
캐주얼,스타일리시,모델 : 손세정,https://image.msscdn.net/images/style/list/l_3_2023013014234100000072150.jpg,https://www.musinsa.com/app/styles/views/31364
캐주얼,포인트 코디,모델 : 손세정,https://image.msscdn.net/images/style/list/l_3_2023013014202000000080496.jpg,https://www.musinsa.com/app/styles/views/31363
캐주얼,믹스매치 룩,모델 : 손세정,https://image.msscdn.net/images/style/list/l_3_2023013014053800000060602.jpg,https://www.musinsa.com/app/styles/views/31362
캐주얼,데일리 스타일링,모델 : 손세정,https://image.msscdn.net/images/style/list/l_3_2023013013574400000035811.jpg,https://www.musinsa.com/app/styles/views/31361
캐주얼,캠퍼스 코디,모델 : 손세정,https://image.msscdn.net/images/style/list/l_3_2023013013544600000066892.jpg,https://www.musinsa.com/app/styles/views/31360
걸리시,워너비 룩,모델 : 이시은,https://image.msscdn.net/images/style/list/l_3_2023020817321400000062833.jpg,https://www.musinsa.com/app/styles/views/31525
걸리시,돋보이는 라인,모델 : 이시은,https://image.msscdn.net/images/style/list/l_3_2023020817314000000071258.jpg,https://www.musinsa.com/app/styles/views/31524
스트릿,개성 넘쳐,모델 : 이시은,https://image.msscdn.net/images/style/list/l_3_2023020817310000000037734.jpg,https://www.musinsa.com/app/styles/views/31523
포멀,깔끔한 매치,모델 : 이시은,https://image.msscdn.net/images/style/list/l_3_2023020817301000000002514.jpg,https://www.musinsa.com/app/styles/views/31522
캐주얼,편한 캠퍼스 룩,모델 : 이시은,https://image.msscdn.net/images/style/list/l_3_2023020817272900000082492.jpg,https://www.musinsa.com/app/styles/views/31521
캐주얼,멋스럽게!,모델 : 이시은,https://image.msscdn.net/images/style/list/l_3_2023020817263000000092898.jpg,https://www.musinsa.com/app/styles/views/31520
스트릿,유니크 그 자체,모델 : 이시은,https://image.msscdn.net/images/style/list/l_3_2023020817252700000054510.jpg,https://www.musinsa.com/app/styles/views/31519
캐주얼,와이드 핏 활용법,모델 : 이시은,https://image.msscdn.net/images/style/list/l_3_2023020817243400000076899.jpg,https://www.musinsa.com/app/styles/views/31518
걸리시,센스를 더해,모델 : 이시은,https://image.msscdn.net/images/style/list/l_3_2023020817234500000082401.jpg,https://www.musinsa.com/app/styles/views/31517
캐주얼,뉴트럴 캐주얼 룩,모델 : 이시은,https://image.msscdn.net/images/style/list/l_3_2023020817230500000066807.jpg,https://www.musinsa.com/app/styles/views/31516
캐주얼,남다른 캠퍼스 룩,모델 : 이시은,https://image.msscdn.net/images/style/list/l_3_2023020817221100000091954.jpg,https://www.musinsa.com/app/styles/views/31515
걸리시,빈티지 감성,모델 : 이시은,https://image.msscdn.net/images/style/list/l_3_2023020817212600000039006.jpg,https://www.musinsa.com/app/styles/views/31514
캐주얼,편하게 입기 좋아,모델 : 이시은,https://image.msscdn.net/images/style/list/l_3_2023020817203500000015910.jpg,https://www.musinsa.com/app/styles/views/31513
걸리시,포근한 마무리,모델 : 이시은,https://image.msscdn.net/images/style/list/l_3_2023020817194300000000489.jpg,https://www.musinsa.com/app/styles/views/31512
시크,무심한 멋,모델 : 이시은,https://image.msscdn.net/images/style/list/l_3_2023020817185400000079667.jpg,https://www.musinsa.com/app/styles/views/31511
걸리시,감각적 레이어드,모델 : 이시은,https://image.msscdn.net/images/style/list/l_3_2023020817175800000033419.jpg,https://www.musinsa.com/app/styles/views/31510
캐주얼,꾸안꾸 패션,모델 : 이시은,https://image.msscdn.net/images/style/list/l_3_2023020817134500000081790.jpg,https://www.musinsa.com/app/styles/views/31509
스트릿,패턴 포인트,모델 : 이시은,https://image.msscdn.net/images/style/list/l_3_2023020817104200000066846.jpg,https://www.musinsa.com/app/styles/views/31508
걸리시,디테일에 집중!,모델 : 이시은,https://image.msscdn.net/images/style/list/l_3_2023020817055200000056553.jpg,https://www.musinsa.com/app/styles/views/31507
골프,산뜻한 라운딩 룩,모델 : 이시은,https://image.msscdn.net/images/style/list/l_3_2023020817011100000057745.jpg,https://www.musinsa.com/app/styles/views/31506
스트릿,패턴으로 완성,모델 : 김예슬,https://image.msscdn.net/images/style/list/l_3_2023020814211900000003229.jpg,https://www.musinsa.com/app/styles/views/31505
캐주얼,트렌드 아이템,모델 : 김예슬,https://image.msscdn.net/images/style/list/l_3_2023020814165300000041066.jpg,https://www.musinsa.com/app/styles/views/31504
캐주얼,와이드 실루엣,모델 : 김예슬,https://image.msscdn.net/images/style/list/l_3_2023020814093500000033886.jpg,https://www.musinsa.com/app/styles/views/31503
걸리시,돋보이는 센스,모델 : 김예슬,https://image.msscdn.net/images/style/list/l_3_2023020814070700000028985.jpg,https://www.musinsa.com/app/styles/views/31502
걸리시,하이틴 룩 연출,모델 : 김예슬,https://image.msscdn.net/images/style/list/l_3_2023020814043700000080956.jpg,https://www.musinsa.com/app/styles/views/31501
캐주얼,깔끔한 컬러 매치,모델 : 김예슬,https://image.msscdn.net/images/style/list/l_3_2023020814002400000059398.jpg,https://www.musinsa.com/app/styles/views/31500
시크,패셔니스타,모델 : 김예슬,https://image.msscdn.net/images/style/list/l_3_2023020813282300000059509.jpg,https://www.musinsa.com/app/styles/views/31499
걸리시,화사하게 꾸미기,모델 : 김예슬,https://image.msscdn.net/images/style/list/l_3_2023020812353200000042676.jpg,https://www.musinsa.com/app/styles/views/31498
시크,셋업 활용법,모델 : 김예슬,https://image.msscdn.net/images/style/list/l_3_2023020812325800000029760.jpg,https://www.musinsa.com/app/styles/views/31497
캐주얼,꾸안꾸 데일리 룩,모델 : 김예슬,https://image.msscdn.net/images/style/list/l_3_2023020812303900000062264.jpg,https://www.musinsa.com/app/styles/views/31496
시크,시크한 무드,모델 : 김예슬,https://image.msscdn.net/images/style/list/l_3_2023020812282300000039293.jpg,https://www.musinsa.com/app/styles/views/31495
캐주얼,멋스럽게,모델 : 김예슬,https://image.msscdn.net/images/style/list/l_3_2023020812253300000087366.jpg,https://www.musinsa.com/app/styles/views/31494
걸리시,포인트 더하기,모델 : 김예슬,https://image.msscdn.net/images/style/list/l_3_2023020812215700000014620.jpg,https://www.musinsa.com/app/styles/views/31493
걸리시,러블리한 이미지,모델 : 김예슬,https://image.msscdn.net/images/style/list/l_3_2023020812162400000056732.jpg,https://www.musinsa.com/app/styles/views/31492
로맨틱,워너비 코디,모델 : 김예슬,https://image.msscdn.net/images/style/list/l_3_2023020812124200000042056.jpg,https://www.musinsa.com/app/styles/views/31491
캐주얼,톡톡 튀는 매력,모델 : 김예슬,https://image.msscdn.net/images/style/list/l_3_2023020812101100000055935.jpg,https://www.musinsa.com/app/styles/views/31490
로맨틱,뉴트럴 조합,모델 : 김예슬,https://image.msscdn.net/images/style/list/l_3_2023020812065300000042458.jpg,https://www.musinsa.com/app/styles/views/31489
캐주얼,바시티 스타일링,모델 : 김예슬,https://image.msscdn.net/images/style/list/l_3_2023020812000500000018759.jpg,https://www.musinsa.com/app/styles/views/31488
스트릿,개성 넘쳐,모델 : 김예슬,https://image.msscdn.net/images/style/list/l_3_2023020811570100000004253.jpg,https://www.musinsa.com/app/styles/views/31487
골프,특별한 골프 웨어,모델 : 김예슬,https://image.msscdn.net/images/style/list/l_3_2023020811535200000018555.jpg,https://www.musinsa.com/app/styles/views/31486
스트릿,유니크한 조합,모델 : 채종석,https://image.msscdn.net/images/style/list/l_3_2023020711110600000087516.jpg,https://www.musinsa.com/app/styles/views/31485
로맨틱,매력적인 포인트,모델 : 채종석,https://image.msscdn.net/images/style/list/l_3_2023020711103800000007077.jpg,https://www.musinsa.com/app/styles/views/31484
댄디,레더 마니아,모델 : 채종석,https://image.msscdn.net/images/style/list/l_3_2023020711092300000088073.jpg,https://www.musinsa.com/app/styles/views/31483
댄디,왁스 재킷의 계절,모델 : 채종석,https://image.msscdn.net/images/style/list/l_3_2023020711085300000064566.jpg,https://www.musinsa.com/app/styles/views/31482
댄디,워너비 코디,모델 : 채종석,https://image.msscdn.net/images/style/list/l_3_2023020711082300000039753.jpg,https://www.musinsa.com/app/styles/views/31481
댄디,트위드 활용법,모델 : 채종석,https://image.msscdn.net/images/style/list/l_3_2023020711075200000086546.jpg,https://www.musinsa.com/app/styles/views/31480
댄디,버건디 컬러 매치,모델 : 채종석,https://image.msscdn.net/images/style/list/l_3_2023020711072300000095293.jpg,https://www.musinsa.com/app/styles/views/31479
스트릿,스트릿 바이브,모델 : 채종석,https://image.msscdn.net/images/style/list/l_3_2023020711065300000025256.jpg,https://www.musinsa.com/app/styles/views/31478
스트릿,힙한 무드,모델 : 채종석,https://image.msscdn.net/images/style/list/l_3_2023020711061800000070733.jpg,https://www.musinsa.com/app/styles/views/31477
스트릿,트렌디하게,모델 : 채종석,https://image.msscdn.net/images/style/list/l_3_2023020711043000000052010.jpg,https://www.musinsa.com/app/styles/views/31476
댄디,미니멀하게,모델 : 채종석,https://image.msscdn.net/images/style/list/l_3_2023020711035300000001087.jpg,https://www.musinsa.com/app/styles/views/31475
댄디,댄디한 멋,모델 : 채종석,https://image.msscdn.net/images/style/list/l_3_2023020711032900000096274.jpg,https://www.musinsa.com/app/styles/views/31473
댄디,웨스턴 스타일링,모델 : 채종석,https://image.msscdn.net/images/style/list/l_3_2023020711025600000014992.jpg,https://www.musinsa.com/app/styles/views/31472
댄디,데님 패션,모델 : 채종석,https://image.msscdn.net/images/style/list/l_3_2023020710572200000027222.jpg,https://www.musinsa.com/app/styles/views/31471
댄디,가벼워진 옷차림,모델 : 채종석,https://image.msscdn.net/images/style/list/l_3_2023020710541200000057745.jpg,https://www.musinsa.com/app/styles/views/31470
골프,감각적인 라운딩 룩,모델 : 전세웅,https://image.msscdn.net/images/style/list/l_3_2023020617081900000041754.jpg,https://www.musinsa.com/app/styles/views/31469
골프,요즘 대세!,모델 : 전세웅,https://image.msscdn.net/images/style/list/l_3_2023020617055700000018828.jpg,https://www.musinsa.com/app/styles/views/31468
골프,트렌디한 골프 웨어,모델 : 전세웅,https://image.msscdn.net/images/style/list/l_3_2023020617025700000081396.jpg,https://www.musinsa.com/app/styles/views/31467
골프,가벼운 차림,모델 : 전세웅,https://image.msscdn.net/images/style/list/l_3_2023020616584800000087254.jpg,https://www.musinsa.com/app/styles/views/31466
골프,심플한 필드 룩,모델 : 전세웅,https://image.msscdn.net/images/style/list/l_3_2023020616550300000040009.jpg,https://www.musinsa.com/app/styles/views/31465
골프,포인트를 더해,모델 : 전세웅,https://image.msscdn.net/images/style/list/l_3_2023020616484400000082488.jpg,https://www.musinsa.com/app/styles/views/31464
포멀,미니멀 무드,모델 : 전세웅,https://image.msscdn.net/images/style/list/l_3_2023020616470700000028888.jpg,https://www.musinsa.com/app/styles/views/31463
스트릿,트렌디한 조합,모델 : 전세웅,https://image.msscdn.net/images/style/list/l_3_2023020616435700000093113.jpg,https://www.musinsa.com/app/styles/views/31462
댄디,무심한 멋,모델 : 전세웅,https://image.msscdn.net/images/style/list/l_3_2023020616412200000052180.jpg,https://www.musinsa.com/app/styles/views/31461
포멀,간결한 실루엣,모델 : 전세웅,https://image.msscdn.net/images/style/list/l_3_2023020616382200000019001.jpg,https://www.musinsa.com/app/styles/views/31460
캐주얼,코트 연출법,모델 : 전세웅,https://image.msscdn.net/images/style/list/l_3_2023020616355300000024830.jpg,https://www.musinsa.com/app/styles/views/31459
스트릿,스트릿 캐주얼,모델 : 전세웅,https://image.msscdn.net/images/style/list/l_3_2023020616330200000088848.jpg,https://www.musinsa.com/app/styles/views/31458
스트릿,눈에 띄는 디테일,모델 : 전세웅,https://image.msscdn.net/images/style/list/l_3_2023020616294000000066788.jpg,https://www.musinsa.com/app/styles/views/31457
캐주얼,워너비 조합,모델 : 전세웅,https://image.msscdn.net/images/style/list/l_3_2023020616251300000009060.jpg,https://www.musinsa.com/app/styles/views/31456
스트릿,돋보이는 매치,모델 : 전세웅,https://image.msscdn.net/images/style/list/l_3_2023020616160100000033327.jpg,https://www.musinsa.com/app/styles/views/31455
캐주얼,와이드한 매력,모델 : 전세웅,https://image.msscdn.net/images/style/list/l_3_2023020616074800000054278.jpg,https://www.musinsa.com/app/styles/views/31454
댄디,셋업 스타일링,모델 : 전세웅,https://image.msscdn.net/images/style/list/l_3_2023020616050100000030093.jpg,https://www.musinsa.com/app/styles/views/31453
캐주얼,캠퍼스 코디,모델 : 전세웅,https://image.msscdn.net/images/style/list/l_3_2023020616014900000078290.jpg,https://www.musinsa.com/app/styles/views/31452
캐주얼,심플한 매치,모델 : 전세웅,https://image.msscdn.net/images/style/list/l_3_2023020615585000000021390.jpg,https://www.musinsa.com/app/styles/views/31451
캐주얼,캐주얼 룩,모델 : 전세웅,https://image.msscdn.net/images/style/list/l_3_2023020615562300000060499.jpg,https://www.musinsa.com/app/styles/views/31450
골프,탐나는 필드 룩,모델 : 강서진,https://image.msscdn.net/images/style/list/l_3_2023020612131500000015558.jpg,https://www.musinsa.com/app/styles/views/31449
골프,필드 위 패피,모델 : 강서진,https://image.msscdn.net/images/style/list/l_3_2023020612122700000052342.jpg,https://www.musinsa.com/app/styles/views/31448
골프,파스텔 스타일링,모델 : 강서진,https://image.msscdn.net/images/style/list/l_3_2023020612115500000018824.jpg,https://www.musinsa.com/app/styles/views/31447
골프,화사한 매치,모델 : 강서진,https://image.msscdn.net/images/style/list/l_3_2023020612121600000068689.jpg,https://www.musinsa.com/app/styles/views/31446
골프,캐주얼 무드,모델 : 강서진,https://image.msscdn.net/images/style/list/l_3_2023020612100700000094459.jpg,https://www.musinsa.com/app/styles/views/31445
골프,가벼운 차림,모델 : 강서진,https://image.msscdn.net/images/style/list/l_3_2023020612065100000056034.jpg,https://www.musinsa.com/app/styles/views/31444
캐주얼,꾸안꾸 코디,모델 : 강서진,https://image.msscdn.net/images/style/list/l_3_2023020612034500000094519.jpg,https://www.musinsa.com/app/styles/views/31443
스트릿,힙한 바이브,모델 : 강서진,https://image.msscdn.net/images/style/list/l_3_2023020612003500000034150.jpg,https://www.musinsa.com/app/styles/views/31442
걸리시,돋보이는 스타일,모델 : 강서진,https://image.msscdn.net/images/style/list/l_3_2023020611574900000033540.jpg,https://www.musinsa.com/app/styles/views/31441
걸리시,센스 있는 조합,모델 : 강서진,https://image.msscdn.net/images/style/list/l_3_2023020611543100000027774.jpg,https://www.musinsa.com/app/styles/views/31440
포멀,깔끔한 핏,모델 : 강서진,https://image.msscdn.net/images/style/list/l_3_2023020611512700000007935.jpg,https://www.musinsa.com/app/styles/views/31439
시크,셋업 연출법,모델 : 강서진,https://image.msscdn.net/images/style/list/l_3_2023020611482300000002872.jpg,https://www.musinsa.com/app/styles/views/31438
시크,시선 집중,모델 : 강서진,https://image.msscdn.net/images/style/list/l_3_2023020611443000000058686.jpg,https://www.musinsa.com/app/styles/views/31437
걸리시,포인트를 더해,모델 : 강서진,https://image.msscdn.net/images/style/list/l_3_2023020611412600000088394.jpg,https://www.musinsa.com/app/styles/views/31436
캐주얼,데일리 룩,모델 : 강서진,https://image.msscdn.net/images/style/list/l_3_2023020611352200000034472.jpg,https://www.musinsa.com/app/styles/views/31435
골프,가벼운 골프 룩,모델 : 이채원,https://image.msscdn.net/images/style/list/l_3_2023020216213100000025508.jpg,https://www.musinsa.com/app/styles/views/31424
스트릿,스타일리시,모델 : 이채원,https://image.msscdn.net/images/style/list/l_3_2023020216194100000016401.jpg,https://www.musinsa.com/app/styles/views/31423
스트릿,독보적인 존재감,모델 : 이채원,https://image.msscdn.net/images/style/list/l_3_2023020216175400000032468.jpg,https://www.musinsa.com/app/styles/views/31422
스트릿,스트릿 바이브,모델 : 이채원,https://image.msscdn.net/images/style/list/l_3_2023020216153000000006877.jpg,https://www.musinsa.com/app/styles/views/31421
스트릿,디테일에 주목!,모델 : 이채원,https://image.msscdn.net/images/style/list/l_3_2023020216132100000071070.jpg,https://www.musinsa.com/app/styles/views/31420
캐주얼,개성 만점,모델 : 이채원,https://image.msscdn.net/images/style/list/l_3_2023020216111400000010207.jpg,https://www.musinsa.com/app/styles/views/31419
아메리칸 캐주얼,와이드한 매력,모델 : 이채원,https://image.msscdn.net/images/style/list/l_3_2023020216071600000006647.jpg,https://www.musinsa.com/app/styles/views/31418
캐주얼,모노톤 코디,모델 : 이채원,https://image.msscdn.net/images/style/list/l_3_2023020216043300000063692.jpg,https://www.musinsa.com/app/styles/views/31417
댄디,세련된 조합,모델 : 이채원,https://image.msscdn.net/images/style/list/l_3_2023020215534100000070167.jpg,https://www.musinsa.com/app/styles/views/31416
댄디,체크 포인트,모델 : 이채원,https://image.msscdn.net/images/style/list/l_3_2023020215512300000076894.jpg,https://www.musinsa.com/app/styles/views/31415
아메리칸 캐주얼,시티보이 연출,모델 : 이채원,https://image.msscdn.net/images/style/list/l_3_2023020215490800000032480.jpg,https://www.musinsa.com/app/styles/views/31414
스포츠,아웃도어 룩,모델 : 이채원,https://image.msscdn.net/images/style/list/l_3_2023020215470400000038870.jpg,https://www.musinsa.com/app/styles/views/31413
스포츠,겨울 러닝 룩,모델 : 이채원,https://image.msscdn.net/images/style/list/l_3_2023020215450300000008417.jpg,https://www.musinsa.com/app/styles/views/31412
캐주얼,훈훈 남친 룩,모델 : 이채원,https://image.msscdn.net/images/style/list/l_3_2023020215425900000030798.jpg,https://www.musinsa.com/app/styles/views/31411
스트릿,셋업 스타일링,모델 : 이채원,https://image.msscdn.net/images/style/list/l_3_2023020215403900000012858.jpg,https://www.musinsa.com/app/styles/views/31410
캐주얼,캠퍼스 라이프,모델 : 이채원,https://image.msscdn.net/images/style/list/l_3_2023020215384400000039428.jpg,https://www.musinsa.com/app/styles/views/31409
댄디,데님 연출법,모델 : 이채원,https://image.msscdn.net/images/style/list/l_3_2023020215364600000052180.jpg,https://www.musinsa.com/app/styles/views/31408
스트릿,HIP!,모델 : 이채원,https://image.msscdn.net/images/style/list/l_3_2023020215335500000095103.jpg,https://www.musinsa.com/app/styles/views/31407
캐주얼,꾸민 듯 안 꾸민 듯,모델 : 이채원,https://image.msscdn.net/images/style/list/l_3_2023020215304700000027932.jpg,https://www.musinsa.com/app/styles/views/31406
캐주얼,환절기 레이어드,모델 : 이채원,https://image.msscdn.net/images/style/list/l_3_2023020215280800000096194.jpg,https://www.musinsa.com/app/styles/views/31405
캐주얼,원 마일 웨어,모델 : 은하,https://image.msscdn.net/images/style/list/l_3_2023020212051300000023587.jpg,https://www.musinsa.com/app/styles/views/31404
캐주얼,오버 핏 매치,모델 : 은하,https://image.msscdn.net/images/style/list/l_3_2023020212021600000045555.jpg,https://www.musinsa.com/app/styles/views/31403
걸리시,완벽 매치,모델 : 은하,https://image.msscdn.net/images/style/list/l_3_2023020211574700000003903.jpg,https://www.musinsa.com/app/styles/views/31402
캐주얼,캠퍼스 코디,모델 : 은하,https://image.msscdn.net/images/style/list/l_3_2023020211545200000093636.jpg,https://www.musinsa.com/app/styles/views/31401
캐주얼,워너비 룩,모델 : 은하,https://image.msscdn.net/images/style/list/l_3_2023020211514000000009568.jpg,https://www.musinsa.com/app/styles/views/31400
캐주얼,꾸안꾸 스타일,모델 : 은하,https://image.msscdn.net/images/style/list/l_3_2023020211465500000076371.jpg,https://www.musinsa.com/app/styles/views/31399
캐주얼,힙 한 스푼,모델 : 은하,https://image.msscdn.net/images/style/list/l_3_2023020211421300000089661.jpg,https://www.musinsa.com/app/styles/views/31398
시크,시크함 가득,모델 : 은하,https://image.msscdn.net/images/style/list/l_3_2023020211371800000035661.jpg,https://www.musinsa.com/app/styles/views/31397
걸리시,추천 여친 룩,모델 : 은하,https://image.msscdn.net/images/style/list/l_3_2023020211273900000080587.jpg,https://www.musinsa.com/app/styles/views/31396
로맨틱,분위기 있게,모델 : 은하,https://image.msscdn.net/images/style/list/l_3_2023020211245000000092939.jpg,https://www.musinsa.com/app/styles/views/31395
걸리시,특별한 날,모델 : 은하,https://image.msscdn.net/images/style/list/l_3_2023020211173700000012066.jpg,https://www.musinsa.com/app/styles/views/31394
캐주얼,센스 만점,모델 : 은하,https://image.msscdn.net/images/style/list/l_3_2023020211124700000099456.jpg,https://www.musinsa.com/app/styles/views/31393
로맨틱,맥시 스커트 활용법,모델 : 은하,https://image.msscdn.net/images/style/list/l_3_2023020211092600000030704.jpg,https://www.musinsa.com/app/styles/views/31392
걸리시,취향 저격,모델 : 은하,https://image.msscdn.net/images/style/list/l_3_2023020211054700000029507.jpg,https://www.musinsa.com/app/styles/views/31391
캐주얼,데일리로 좋아,모델 : 은하,https://image.msscdn.net/images/style/list/l_3_2023020211021100000034733.jpg,https://www.musinsa.com/app/styles/views/31390
스트릿,감각적이야,모델 : 은하,https://image.msscdn.net/images/style/list/l_3_2023020210582900000085141.jpg,https://www.musinsa.com/app/styles/views/31389
로맨틱,모노 데이트 룩,모델 : 은하,https://image.msscdn.net/images/style/list/l_3_2023020210544800000063817.jpg,https://www.musinsa.com/app/styles/views/31387
스포츠,운동하기 좋은 날,모델 : 은하,https://image.msscdn.net/images/style/list/l_3_2023020210510900000049834.jpg,https://www.musinsa.com/app/styles/views/31381
로맨틱,따뜻한 색 조합,모델 : 은하,https://image.msscdn.net/images/style/list/l_3_2023020210480900000068886.jpg,https://www.musinsa.com/app/styles/views/31376
골프,탐나는 필드 룩,모델 : 은하,https://image.msscdn.net/images/style/list/l_3_2023020210434000000072303.jpg,https://www.musinsa.com/app/styles/views/31375
댄디,워너비 스타일,모델 : 박준성,https://image.msscdn.net/images/style/list/l_3_2023013011293500000011237.jpg,https://www.musinsa.com/app/styles/views/31359
스트릿,유니크한 마무리,모델 : 박준성,https://image.msscdn.net/images/style/list/l_3_2023013011271600000083406.jpg,https://www.musinsa.com/app/styles/views/31358
스트릿,힙 바이브,모델 : 박준성,https://image.msscdn.net/images/style/list/l_3_2023013011243600000098145.jpg,https://www.musinsa.com/app/styles/views/31357
댄디,셋업 스타일링,모델 : 박준성,https://image.msscdn.net/images/style/list/l_3_2023013011223200000078209.jpg,https://www.musinsa.com/app/styles/views/31356
캐주얼,믹스 매치,모델 : 박준성,https://image.msscdn.net/images/style/list/l_3_2023013011191800000008947.jpg,https://www.musinsa.com/app/styles/views/31355
스트릿,스트릿 룩,모델 : 박준성,https://image.msscdn.net/images/style/list/l_3_2023013011170100000034048.jpg,https://www.musinsa.com/app/styles/views/31354
캐주얼,멋스러운 스타일,모델 : 박준성,https://image.msscdn.net/images/style/list/l_3_2023013011143200000079672.jpg,https://www.musinsa.com/app/styles/views/31353
스트릿,모노톤 코디,모델 : 박준성,https://image.msscdn.net/images/style/list/l_3_2023013011090800000085281.jpg,https://www.musinsa.com/app/styles/views/31352
스포츠,스포티 무드,모델 : 박준성,https://image.msscdn.net/images/style/list/l_3_2023013011065400000016435.jpg,https://www.musinsa.com/app/styles/views/31351
스트릿,오버 핏의 매력,모델 : 박준성,https://image.msscdn.net/images/style/list/l_3_2023013011042600000093881.jpg,https://www.musinsa.com/app/styles/views/31350
댄디,깔끔 모노톤,모델 : 박준성,https://image.msscdn.net/images/style/list/l_3_2023013011021700000064279.jpg,https://www.musinsa.com/app/styles/views/31349
캐주얼,꾸민 듯 안 꾸민 듯,모델 : 박준성,https://image.msscdn.net/images/style/list/l_3_2023013010582700000026184.jpg,https://www.musinsa.com/app/styles/views/31348
아메리칸 캐주얼,프레피 룩 연출,모델 : 박준성,https://image.msscdn.net/images/style/list/l_3_2023013010560700000068688.jpg,https://www.musinsa.com/app/styles/views/31347
댄디,세련된 스타일,모델 : 박준성,https://image.msscdn.net/images/style/list/l_3_2023013010524700000031957.jpg,https://www.musinsa.com/app/styles/views/31346
캐주얼,카디건 포인트,모델 : 박준성,https://image.msscdn.net/images/style/list/l_3_2023013010493900000067973.jpg,https://www.musinsa.com/app/styles/views/31345
캐주얼,유니크한 포인트,모델 : 이태훈,https://image.msscdn.net/images/style/list/l_3_2023012711465300000017094.jpg,https://www.musinsa.com/app/styles/views/31344
캐주얼,롱 패딩 스타일,모델 : 이태훈,https://image.msscdn.net/images/style/list/l_3_2023012711443000000070304.jpg,https://www.musinsa.com/app/styles/views/31343
스트릿,돋보이는 매치,모델 : 이태훈,https://image.msscdn.net/images/style/list/l_3_2023012711412000000018591.jpg,https://www.musinsa.com/app/styles/views/31342
스트릿,눈에 띄는 디테일,모델 : 이태훈,https://image.msscdn.net/images/style/list/l_3_2023012711381800000075321.jpg,https://www.musinsa.com/app/styles/views/31341
댄디,볼수록 멋스러워,모델 : 이태훈,https://image.msscdn.net/images/style/list/l_3_2023012711304200000097620.jpg,https://www.musinsa.com/app/styles/views/31340
캐주얼,겨울 원 마일 웨어,모델 : 이태훈,https://image.msscdn.net/images/style/list/l_3_2023012711254400000097412.jpg,https://www.musinsa.com/app/styles/views/31339
댄디,데님 포인트,모델 : 이태훈,https://image.msscdn.net/images/style/list/l_3_2023012711201300000091774.jpg,https://www.musinsa.com/app/styles/views/31338
캐주얼,스타일리시한 캠퍼스 룩,모델 : 이태훈,https://image.msscdn.net/images/style/list/l_3_2023012711160000000032500.jpg,https://www.musinsa.com/app/styles/views/31337
캐주얼,얼죽코의 매력,모델 : 이태훈,https://image.msscdn.net/images/style/list/l_3_2023012711073300000019745.jpg,https://www.musinsa.com/app/styles/views/31336
캐주얼,꾸안꾸 코디,모델 : 이태훈,https://image.msscdn.net/images/style/list/l_3_2023012711004000000085713.jpg,https://www.musinsa.com/app/styles/views/31335
캐주얼,머플러를 더해봐,모델 : 이태훈,https://image.msscdn.net/images/style/list/l_3_2023012710573700000093640.jpg,https://www.musinsa.com/app/styles/views/31334
댄디,시크한 매치,모델 : 이태훈,https://image.msscdn.net/images/style/list/l_3_2023012710455800000045046.jpg,https://www.musinsa.com/app/styles/views/31333
캐주얼,한 끗 포인트,모델 : 이태훈,https://image.msscdn.net/images/style/list/l_3_2023012710423200000088462.jpg,https://www.musinsa.com/app/styles/views/31332
댄디,훈훈한 스타일,모델 : 이태훈,https://image.msscdn.net/images/style/list/l_3_2023012710372700000060711.jpg,https://www.musinsa.com/app/styles/views/31331
댄디,세련된 모습,모델 : 이태훈,https://image.msscdn.net/images/style/list/l_3_2023012710344900000014540.jpg,https://www.musinsa.com/app/styles/views/31330
캐주얼,조화로운 레이어링,모델 : 이태훈,https://image.msscdn.net/images/style/list/l_3_2023012710304700000039347.jpg,https://www.musinsa.com/app/styles/views/31329
캐주얼,화사한 핏,모델 : 이태훈,https://image.msscdn.net/images/style/list/l_3_2023012710272100000096094.jpg,https://www.musinsa.com/app/styles/views/31328
캐주얼,컬러감이 좋아,모델 : 이태훈,https://image.msscdn.net/images/style/list/l_3_2023012710241600000058094.jpg,https://www.musinsa.com/app/styles/views/31327
스트릿,트렌디한 무드,모델 : 이태훈,https://image.msscdn.net/images/style/list/l_3_2023012710203100000040526.jpg,https://www.musinsa.com/app/styles/views/31326
골프,워너비 라운딩 코디,모델 : 이태훈,https://image.msscdn.net/images/style/list/l_3_2023012710164500000063165.jpg,https://www.musinsa.com/app/styles/views/31325
스트릿,패셔니스타,모델 : 줄리,https://image.msscdn.net/images/style/list/l_3_2023012615310300000084346.jpg,https://www.musinsa.com/app/styles/views/31324
걸리시,블랙 러버,모델 : 줄리,https://image.msscdn.net/images/style/list/l_3_2023012615290100000029790.jpg,https://www.musinsa.com/app/styles/views/31323
걸리시,따라 입고 싶어,모델 : 줄리,https://image.msscdn.net/images/style/list/l_3_2023012616511900000045158.jpg,https://www.musinsa.com/app/styles/views/31322
포멀,차분한 분위기,모델 : 줄리,https://image.msscdn.net/images/style/list/l_3_2023012615250500000076595.jpg,https://www.musinsa.com/app/styles/views/31321
캐주얼,데일리로 좋아,모델 : 줄리,https://image.msscdn.net/images/style/list/l_3_2023012615231200000000969.jpg,https://www.musinsa.com/app/styles/views/31320
걸리시,포근한 마무리,모델 : 줄리,https://image.msscdn.net/images/style/list/l_3_2023012615204600000044782.jpg,https://www.musinsa.com/app/styles/views/31319
스트릿,힙한 매력,모델 : 줄리,https://image.msscdn.net/images/style/list/l_3_2023012615184600000079326.jpg,https://www.musinsa.com/app/styles/views/31318
걸리시,패턴 포인트,모델 : 줄리,https://image.msscdn.net/images/style/list/l_3_2023012615160600000088902.jpg,https://www.musinsa.com/app/styles/views/31317
걸리시,센스 넘치는 조합,모델 : 줄리,https://image.msscdn.net/images/style/list/l_3_2023012615135300000013064.jpg,https://www.musinsa.com/app/styles/views/31316
걸리시,볼수록 예뻐!,모델 : 줄리,https://image.msscdn.net/images/style/list/l_3_2023012615114400000011247.jpg,https://www.musinsa.com/app/styles/views/31315
레트로,트렌디한 매치,모델 : 줄리,https://image.msscdn.net/images/style/list/l_3_2023012616503600000097708.jpg,https://www.musinsa.com/app/styles/views/31314
로맨틱,특별한 날,모델 : 줄리,https://image.msscdn.net/images/style/list/l_3_2023012615071000000028956.jpg,https://www.musinsa.com/app/styles/views/31313
로맨틱,무드 있게,모델 : 줄리,https://image.msscdn.net/images/style/list/l_3_2023012615044500000023269.jpg,https://www.musinsa.com/app/styles/views/31312
로맨틱,데님 스타일링,모델 : 줄리,https://image.msscdn.net/images/style/list/l_3_2023012615023100000065025.jpg,https://www.musinsa.com/app/styles/views/31311
걸리시,뉴트럴 톤 코디,모델 : 줄리,https://image.msscdn.net/images/style/list/l_3_2023012614595800000069279.jpg,https://www.musinsa.com/app/styles/views/31310
로맨틱,레이어링 연출법,모델 : 줄리,https://image.msscdn.net/images/style/list/l_3_2023012614575700000010761.jpg,https://www.musinsa.com/app/styles/views/31309
로맨틱,도회적 이미지,모델 : 줄리,https://image.msscdn.net/images/style/list/l_3_2023012614555700000011671.jpg,https://www.musinsa.com/app/styles/views/31308
캐주얼,유니크한 디테일,모델 : 줄리,https://image.msscdn.net/images/style/list/l_3_2023012614531300000077383.jpg,https://www.musinsa.com/app/styles/views/31307
로맨틱,데이트하는 날,모델 : 줄리,https://image.msscdn.net/images/style/list/l_3_2023012614475800000084798.jpg,https://www.musinsa.com/app/styles/views/31306
골프,남다른 필드 웨어,모델 : 줄리,https://image.msscdn.net/images/style/list/l_3_2023012614070700000051975.jpg,https://www.musinsa.com/app/styles/views/31305
댄디,훈훈하게,모델 : 백도현,https://image.msscdn.net/images/style/list/l_3_2023012515134100000036477.jpg,https://www.musinsa.com/app/styles/views/31304
캐주얼,이색 매치,모델 : 백도현,https://image.msscdn.net/images/style/list/l_3_2023012515130000000093223.jpg,https://www.musinsa.com/app/styles/views/31303
댄디,매력 있어,모델 : 백도현,https://image.msscdn.net/images/style/list/l_3_2023012515123200000072443.jpg,https://www.musinsa.com/app/styles/views/31302
댄디,뉴트럴 톤 조합,모델 : 백도현,https://image.msscdn.net/images/style/list/l_3_2023012515120100000048594.jpg,https://www.musinsa.com/app/styles/views/31301
댄디,한껏 가볍게,모델 : 백도현,https://image.msscdn.net/images/style/list/l_3_2023012515112800000090185.jpg,https://www.musinsa.com/app/styles/views/31300
댄디,워너비 댄디 룩,모델 : 백도현,https://image.msscdn.net/images/style/list/l_3_2023012515105800000016120.jpg,https://www.musinsa.com/app/styles/views/31299
댄디,미니멀 패션,모델 : 백도현,https://image.msscdn.net/images/style/list/l_3_2023012515103100000003384.jpg,https://www.musinsa.com/app/styles/views/31298
댄디,화사하게,모델 : 백도현,https://image.msscdn.net/images/style/list/l_3_2023012515100300000085830.jpg,https://www.musinsa.com/app/styles/views/31297
캐주얼,신학기 룩,모델 : 백도현,https://image.msscdn.net/images/style/list/l_3_2023012515093000000069330.jpg,https://www.musinsa.com/app/styles/views/31296
캐주얼,캠퍼스 룩 추천,모델 : 백도현,https://image.msscdn.net/images/style/list/l_3_2023012515090500000074068.jpg,https://www.musinsa.com/app/styles/views/31295
댄디,트러커의 계절,모델 : 백도현,https://image.msscdn.net/images/style/list/l_3_2023012515082800000085209.jpg,https://www.musinsa.com/app/styles/views/31294
댄디,데일리 패션,모델 : 백도현,https://image.msscdn.net/images/style/list/l_3_2023012515071700000077711.jpg,https://www.musinsa.com/app/styles/views/31293
댄디,멋스러운 연출,모델 : 백도현,https://image.msscdn.net/images/style/list/l_3_2023012515064400000044375.jpg,https://www.musinsa.com/app/styles/views/31292
댄디,깔끔한 남친 룩,모델 : 백도현,https://image.msscdn.net/images/style/list/l_3_2023012515061700000035864.jpg,https://www.musinsa.com/app/styles/views/31290
댄디,슈트 스타일링,모델 : 백도현,https://image.msscdn.net/images/style/list/l_3_2023012515052200000077262.jpg,https://www.musinsa.com/app/styles/views/31289
댄디,데이트 코디,모델 : 백도현,https://image.msscdn.net/images/style/list/l_3_2023012515045300000070866.jpg,https://www.musinsa.com/app/styles/views/31288
댄디,클래식 무드,모델 : 백도현,https://image.msscdn.net/images/style/list/l_3_2023012515042600000071275.jpg,https://www.musinsa.com/app/styles/views/31287
캐주얼,꾸안꾸 완성,모델 : 백도현,https://image.msscdn.net/images/style/list/l_3_2023012514435400000022221.jpg,https://www.musinsa.com/app/styles/views/31286
캐주얼,패턴 포인트 룩,모델 : 백도현,https://image.msscdn.net/images/style/list/l_3_2023012514432100000015879.jpg,https://www.musinsa.com/app/styles/views/31285
캐주얼,와이드한 매력,모델 : 백도현,https://image.msscdn.net/images/style/list/l_3_2023012514421600000004362.jpg,https://www.musinsa.com/app/styles/views/31284
캐주얼,와이드한 매력,모델 : 김하나,https://image.msscdn.net/images/style/list/l_3_2023012514221100000071017.jpg,https://www.musinsa.com/app/styles/views/31283
캐주얼,셋업 연출법,모델 : 김하나,https://image.msscdn.net/images/style/list/l_3_2023012514195400000025752.jpg,https://www.musinsa.com/app/styles/views/31282
걸리시,볼수록 예뻐,모델 : 김하나,https://image.msscdn.net/images/style/list/l_3_2023012514181100000074270.jpg,https://www.musinsa.com/app/styles/views/31281
걸리시,하이틴 여주인공,모델 : 김하나,https://image.msscdn.net/images/style/list/l_3_2023012514155000000003963.jpg,https://www.musinsa.com/app/styles/views/31280
캐주얼,브라운 컬러 룩,모델 : 김하나,https://image.msscdn.net/images/style/list/l_3_2023012514132500000072668.jpg,https://www.musinsa.com/app/styles/views/31279
스트릿,쿨한 그녀,모델 : 김하나,https://image.msscdn.net/images/style/list/l_3_2023012514112200000007554.jpg,https://www.musinsa.com/app/styles/views/31278
캐주얼,캠퍼스 룩,모델 : 김하나,https://image.msscdn.net/images/style/list/l_3_2023012514092300000011709.jpg,https://www.musinsa.com/app/styles/views/31277
걸리시,취향 저격 코디,모델 : 김하나,https://image.msscdn.net/images/style/list/l_3_2023012514071600000060121.jpg,https://www.musinsa.com/app/styles/views/31276
스트릿,시선 집중,모델 : 김하나,https://image.msscdn.net/images/style/list/l_3_2023012514050300000000612.jpg,https://www.musinsa.com/app/styles/views/31275
시크,독보적인 아우라,모델 : 김하나,https://image.msscdn.net/images/style/list/l_3_2023012514031200000096967.jpg,https://www.musinsa.com/app/styles/views/31274
스트릿,힙하게 입어봐,모델 : 김하나,https://image.msscdn.net/images/style/list/l_3_2023012514010700000078593.jpg,https://www.musinsa.com/app/styles/views/31273
캐주얼,워너비 스타일,모델 : 김하나,https://image.msscdn.net/images/style/list/l_3_2023012513580800000075467.jpg,https://www.musinsa.com/app/styles/views/31272
시크,프렌치 걸,모델 : 김하나,https://image.msscdn.net/images/style/list/l_3_2023012513553900000080267.jpg,https://www.musinsa.com/app/styles/views/31271
캐주얼,편안한 핏,모델 : 김하나,https://image.msscdn.net/images/style/list/l_3_2023012513534400000086222.jpg,https://www.musinsa.com/app/styles/views/31270
걸리시,디테일에 집중!,모델 : 김하나,https://image.msscdn.net/images/style/list/l_3_2023012513511800000065059.jpg,https://www.musinsa.com/app/styles/views/31269
걸리시,완벽한 매치,모델 : 김하나,https://image.msscdn.net/images/style/list/l_3_2023012513484900000002341.jpg,https://www.musinsa.com/app/styles/views/31268
로맨틱,차분한 색감,모델 : 김하나,https://image.msscdn.net/images/style/list/l_3_2023012513463100000091611.jpg,https://www.musinsa.com/app/styles/views/31267
로맨틱,데이트 가자,모델 : 김하나,https://image.msscdn.net/images/style/list/l_3_2023012513443200000011496.jpg,https://www.musinsa.com/app/styles/views/31266
캐주얼,데일리 무드,모델 : 김하나,https://image.msscdn.net/images/style/list/l_3_2023012513423200000092572.jpg,https://www.musinsa.com/app/styles/views/31265
골프,필드 위 여신,모델 : 김하나,https://image.msscdn.net/images/style/list/l_3_2023012513381500000059381.jpg,https://www.musinsa.com/app/styles/views/31264
아메리칸 캐주얼,스타일리시해!,모델 : 박호영,https://image.msscdn.net/images/style/list/l_3_2023011916231300000079055.jpg,https://www.musinsa.com/app/styles/views/31227
캐주얼,편한 실루엣,모델 : 박호영,https://image.msscdn.net/images/style/list/l_3_2023011916205900000057400.jpg,https://www.musinsa.com/app/styles/views/31226
댄디,댄디 룩,모델 : 박호영,https://image.msscdn.net/images/style/list/l_3_2023011916190400000045319.jpg,https://www.musinsa.com/app/styles/views/31225
캐주얼,꾸안꾸 스타일링,모델 : 박호영,https://image.msscdn.net/images/style/list/l_3_2023011916170200000012812.jpg,https://www.musinsa.com/app/styles/views/31224
캐주얼,핑크 포인트,모델 : 박호영,https://image.msscdn.net/images/style/list/l_3_2023011916144700000096167.jpg,https://www.musinsa.com/app/styles/views/31223
캐주얼,컬러 포인트,모델 : 박호영,https://image.msscdn.net/images/style/list/l_3_2023011916122600000096261.jpg,https://www.musinsa.com/app/styles/views/31222
캐주얼,패셔너블한 룩,모델 : 박호영,https://image.msscdn.net/images/style/list/l_3_2023011916094400000098422.jpg,https://www.musinsa.com/app/styles/views/31221
댄디,멋스러운 무드,모델 : 박호영,https://image.msscdn.net/images/style/list/l_3_2023011916071700000063570.jpg,https://www.musinsa.com/app/styles/views/31220
캐주얼,눈에 띄는 머플러,모델 : 박호영,https://image.msscdn.net/images/style/list/l_3_2023011916043900000087386.jpg,https://www.musinsa.com/app/styles/views/31219
캐주얼,데일리로 제격,모델 : 박호영,https://image.msscdn.net/images/style/list/l_3_2023011915593100000002897.jpg,https://www.musinsa.com/app/styles/views/31218
아메리칸 캐주얼,퀼팅 활용법,모델 : 박호영,https://image.msscdn.net/images/style/list/l_3_2023011915570100000089448.jpg,https://www.musinsa.com/app/styles/views/31217
캐주얼,한파 대비 룩,모델 : 박호영,https://image.msscdn.net/images/style/list/l_3_2023011915541800000078199.jpg,https://www.musinsa.com/app/styles/views/31216
캐주얼,더플코트 코디,모델 : 박호영,https://image.msscdn.net/images/style/list/l_3_2023011915515900000077273.jpg,https://www.musinsa.com/app/styles/views/31215
댄디,클래식한 분위기,모델 : 박호영,https://image.msscdn.net/images/style/list/l_3_2023011915483900000094717.jpg,https://www.musinsa.com/app/styles/views/31214
캐주얼,조화로운 매치,모델 : 박호영,https://image.msscdn.net/images/style/list/l_3_2023011915443100000061765.jpg,https://www.musinsa.com/app/styles/views/31213
시크,시크하게,모델 : 김정은,https://image.msscdn.net/images/style/list/l_3_2023012016334400000003646.jpg,https://www.musinsa.com/app/styles/views/31243
캐주얼,트렌디한 조합,모델 : 김정은,https://image.msscdn.net/images/style/list/l_3_2023012016313500000057158.jpg,https://www.musinsa.com/app/styles/views/31242
걸리시,액세서리 활용법,모델 : 김정은,https://image.msscdn.net/images/style/list/l_3_2023012016162800000090863.jpg,https://www.musinsa.com/app/styles/views/31241
포멀,워너비 출근 룩,모델 : 김정은,https://image.msscdn.net/images/style/list/l_3_2023012016140400000091455.jpg,https://www.musinsa.com/app/styles/views/31240
걸리시,귀여운 디테일,모델 : 김정은,https://image.msscdn.net/images/style/list/l_3_2023012016085400000097260.jpg,https://www.musinsa.com/app/styles/views/31239
캐주얼,패셔니스타,모델 : 김정은,https://image.msscdn.net/images/style/list/l_3_2023012016051900000035763.jpg,https://www.musinsa.com/app/styles/views/31237
스트릿,힙 무드,모델 : 김정은,https://image.msscdn.net/images/style/list/l_3_2023012016022500000097552.jpg,https://www.musinsa.com/app/styles/views/31236
캐주얼,눈에 띄는 컬러,모델 : 김정은,https://image.msscdn.net/images/style/list/l_3_2023012015542400000099058.jpg,https://www.musinsa.com/app/styles/views/31235
캐주얼,데일리 코디,모델 : 김정은,https://image.msscdn.net/images/style/list/l_3_2023012015455900000024944.jpg,https://www.musinsa.com/app/styles/views/31234
캐주얼,감각적인 매치,모델 : 김정은,https://image.msscdn.net/images/style/list/l_3_2023012015433600000071589.jpg,https://www.musinsa.com/app/styles/views/31233
캐주얼,개성 뽐내기,모델 : 김정은,https://image.msscdn.net/images/style/list/l_3_2023012015413200000034008.jpg,https://www.musinsa.com/app/styles/views/31232
캐주얼,편안한 매력,모델 : 김정은,https://image.msscdn.net/images/style/list/l_3_2023012015392500000023279.jpg,https://www.musinsa.com/app/styles/views/31231
로맨틱,컬러 포인트,모델 : 김정은,https://image.msscdn.net/images/style/list/l_3_2023012015391100000091293.jpg,https://www.musinsa.com/app/styles/views/31230
시크,남다른 아이템,모델 : 김정은,https://image.msscdn.net/images/style/list/l_3_2023012015343500000048539.jpg,https://www.musinsa.com/app/styles/views/31229
걸리시,윈터 걸리시,모델 : 김정은,https://image.msscdn.net/images/style/list/l_3_2023012015304200000078773.jpg,https://www.musinsa.com/app/styles/views/31228
댄디,데이트 스타일링,모델 : 이충호,https://image.msscdn.net/images/style/list/l_3_2023012016472900000060016.jpg,https://www.musinsa.com/app/styles/views/31263
댄디,봄 느낌 물씬,모델 : 이충호,https://image.msscdn.net/images/style/list/l_3_2023012016464700000040430.jpg,https://www.musinsa.com/app/styles/views/31262
포멀,모노톤 셋업,모델 : 이충호,https://image.msscdn.net/images/style/list/l_3_2023012016455700000090952.jpg,https://www.musinsa.com/app/styles/views/31261
댄디,미니멀 코디,모델 : 이충호,https://image.msscdn.net/images/style/list/l_3_2023012016450500000018878.jpg,https://www.musinsa.com/app/styles/views/31260
캐주얼,베이식 조합,모델 : 이충호,https://image.msscdn.net/images/style/list/l_3_2023012016441300000041396.jpg,https://www.musinsa.com/app/styles/views/31259
댄디,댄디한 멋,모델 : 이충호,https://image.msscdn.net/images/style/list/l_3_2023012016434600000007993.jpg,https://www.musinsa.com/app/styles/views/31258
캐주얼,데일리 캐주얼 룩,모델 : 이충호,https://image.msscdn.net/images/style/list/l_3_2023012016430500000083301.jpg,https://www.musinsa.com/app/styles/views/31257
캐주얼,편안하게,모델 : 이충호,https://image.msscdn.net/images/style/list/l_3_2023012016423400000090923.jpg,https://www.musinsa.com/app/styles/views/31256
캐주얼,그래픽 디테일,모델 : 이충호,https://image.msscdn.net/images/style/list/l_3_2023012016420000000099888.jpg,https://www.musinsa.com/app/styles/views/31255
댄디,멋스러워,모델 : 이충호,https://image.msscdn.net/images/style/list/l_3_2023012016403000000012633.jpg,https://www.musinsa.com/app/styles/views/31254
댄디,감각적이야,모델 : 이충호,https://image.msscdn.net/images/style/list/l_3_2023012016400100000082542.jpg,https://www.musinsa.com/app/styles/views/31253
댄디,셋업 활용법,모델 : 이충호,https://image.msscdn.net/images/style/list/l_3_2023012016383900000019143.jpg,https://www.musinsa.com/app/styles/views/31252
댄디,패턴 레이어드,모델 : 이충호,https://image.msscdn.net/images/style/list/l_3_2023012016380700000009215.jpg,https://www.musinsa.com/app/styles/views/31251
아메리칸 캐주얼,아메카지 무드,모델 : 이충호,https://image.msscdn.net/images/style/list/l_3_2023012016373500000083425.jpg,https://www.musinsa.com/app/styles/views/31250
포멀,오늘의 출근 룩,모델 : 이충호,https://image.msscdn.net/images/style/list/l_3_2023012016370700000089585.jpg,https://www.musinsa.com/app/styles/views/31249
댄디,오버 핏이 대세,모델 : 이충호,https://image.msscdn.net/images/style/list/l_3_2023012016363800000020151.jpg,https://www.musinsa.com/app/styles/views/31248
캐주얼,꾸안꾸 완성,모델 : 이충호,https://image.msscdn.net/images/style/list/l_3_2023012016355600000098792.jpg,https://www.musinsa.com/app/styles/views/31247
아메리칸 캐주얼,스카프 포인트,모델 : 이충호,https://image.msscdn.net/images/style/list/l_3_2023012016351400000076374.jpg,https://www.musinsa.com/app/styles/views/31246
아메리칸 캐주얼,워너비 컬러 매치,모델 : 이충호,https://image.msscdn.net/images/style/list/l_3_2023012016344100000089906.jpg,https://www.musinsa.com/app/styles/views/31245
아메리칸 캐주얼,겨울 아메카지 룩,모델 : 이충호,https://image.msscdn.net/images/style/list/l_3_2023012016335600000061767.jpg,https://www.musinsa.com/app/styles/views/31244
걸리시,대세 스타일,모델 : 최예나,https://image.msscdn.net/images/style/list/l_3_2023011909072400000089719.jpg,https://www.musinsa.com/app/styles/views/31202
걸리시,레이어드 포인트,모델 : 최예나,https://image.msscdn.net/images/style/list/l_3_2023011909045200000098573.jpg,https://www.musinsa.com/app/styles/views/31201
걸리시,스타일리시,모델 : 최예나,https://image.msscdn.net/images/style/list/l_3_2023011909014000000037693.jpg,https://www.musinsa.com/app/styles/views/31200
로맨틱,모던 시크,모델 : 최예나,https://image.msscdn.net/images/style/list/l_3_2023011908585000000044779.jpg,https://www.musinsa.com/app/styles/views/31199
걸리시,취향 저격,모델 : 최예나,https://image.msscdn.net/images/style/list/l_3_2023011908560300000087092.jpg,https://www.musinsa.com/app/styles/views/31198
스트릿,트렌디하게,모델 : 최예나,https://image.msscdn.net/images/style/list/l_3_2023011908531100000055270.jpg,https://www.musinsa.com/app/styles/views/31197
캐주얼,데일리 룩,모델 : 최예나,https://image.msscdn.net/images/style/list/l_3_2023011908510100000081460.jpg,https://www.musinsa.com/app/styles/views/31196
캐주얼,모노톤 러버,모델 : 최예나,https://image.msscdn.net/images/style/list/l_3_2023011908373200000007228.jpg,https://www.musinsa.com/app/styles/views/31195
로맨틱,데이트 코디,모델 : 최예나,https://image.msscdn.net/images/style/list/l_3_2023011908345700000011383.jpg,https://www.musinsa.com/app/styles/views/31194
시크,패셔니스타,모델 : 최예나,https://image.msscdn.net/images/style/list/l_3_2023011908314100000066191.jpg,https://www.musinsa.com/app/styles/views/31193
시크,돋보이는 라인,모델 : 최예나,https://image.msscdn.net/images/style/list/l_3_2023011908285700000023909.jpg,https://www.musinsa.com/app/styles/views/31192
시크,독보적 스타일,모델 : 최예나,https://image.msscdn.net/images/style/list/l_3_2023011908262900000062972.jpg,https://www.musinsa.com/app/styles/views/31191
로맨틱,무드 있게,모델 : 최예나,https://image.msscdn.net/images/style/list/l_3_2023011908235500000050308.jpg,https://www.musinsa.com/app/styles/views/31190
캐주얼,꾸안꾸 코디,모델 : 최예나,https://image.msscdn.net/images/style/list/l_3_2023011908212600000075334.jpg,https://www.musinsa.com/app/styles/views/31189
시크,무톤 재킷 코디,모델 : 최예나,https://image.msscdn.net/images/style/list/l_3_2023011908185200000021582.jpg,https://www.musinsa.com/app/styles/views/31188
로맨틱,로맨틱 디테일,모델 : 최예나,https://image.msscdn.net/images/style/list/l_3_2023011908155100000039181.jpg,https://www.musinsa.com/app/styles/views/31187
로맨틱,세련된 아웃핏,모델 : 최예나,https://image.msscdn.net/images/style/list/l_3_2023011908125100000026476.jpg,https://www.musinsa.com/app/styles/views/31186
캐주얼,따뜻한 마무리,모델 : 최예나,https://image.msscdn.net/images/style/list/l_3_2023011908101800000080638.jpg,https://www.musinsa.com/app/styles/views/31185
시크,멋스러운 매치,모델 : 최예나,https://image.msscdn.net/images/style/list/l_3_2023011908071400000016833.jpg,https://www.musinsa.com/app/styles/views/31184
골프,탐나는 필드 룩,모델 : 최예나,https://image.msscdn.net/images/style/list/l_3_2023011908033200000014752.jpg,https://www.musinsa.com/app/styles/views/31183
시크,무심한 멋,모델 : 임다비,https://image.msscdn.net/images/style/list/l_3_2023011816205400000049382.jpg,https://www.musinsa.com/app/styles/views/31182
시크,퍼 재킷 연출법,모델 : 임다비,https://image.msscdn.net/images/style/list/l_3_2023011816183000000091612.jpg,https://www.musinsa.com/app/styles/views/31181
걸리시,센스를 더해,모델 : 임다비,https://image.msscdn.net/images/style/list/l_3_2023011816155800000072075.jpg,https://www.musinsa.com/app/styles/views/31180
걸리시,빈티지 무드,모델 : 임다비,https://image.msscdn.net/images/style/list/l_3_2023011816133000000089691.jpg,https://www.musinsa.com/app/styles/views/31179
로맨틱,특별한 날,모델 : 임다비,https://image.msscdn.net/images/style/list/l_3_2023011816103600000043194.jpg,https://www.musinsa.com/app/styles/views/31178
포멀,차분한 분위기,모델 : 임다비,https://image.msscdn.net/images/style/list/l_3_2023011816080900000087091.jpg,https://www.musinsa.com/app/styles/views/31177
시크,디테일 가득!,모델 : 임다비,https://image.msscdn.net/images/style/list/l_3_2023011816045700000067551.jpg,https://www.musinsa.com/app/styles/views/31176
시크,독보적인 자태,모델 : 임다비,https://image.msscdn.net/images/style/list/l_3_2023011816030000000090607.jpg,https://www.musinsa.com/app/styles/views/31175
시크,모노톤 스타일링,모델 : 임다비,https://image.msscdn.net/images/style/list/l_3_2023011816000500000043558.jpg,https://www.musinsa.com/app/styles/views/31174
레트로,매력 뽐내기,모델 : 임다비,https://image.msscdn.net/images/style/list/l_3_2023011815562300000001983.jpg,https://www.musinsa.com/app/styles/views/31173
캐주얼,편안한 매치,모델 : 임다비,https://image.msscdn.net/images/style/list/l_3_2023011815541800000055592.jpg,https://www.musinsa.com/app/styles/views/31172
캐주얼,꿀 조합 코디,모델 : 임다비,https://image.msscdn.net/images/style/list/l_3_2023011815522800000033644.jpg,https://www.musinsa.com/app/styles/views/31171
걸리시,귀여운 매력,모델 : 임다비,https://image.msscdn.net/images/style/list/l_3_2023011815493600000059458.jpg,https://www.musinsa.com/app/styles/views/31170
캐주얼,블루 포인트!,모델 : 임다비,https://image.msscdn.net/images/style/list/l_3_2023011815475700000093317.jpg,https://www.musinsa.com/app/styles/views/31169
걸리시,데이트 룩,모델 : 임다비,https://image.msscdn.net/images/style/list/l_3_2023011815450200000048452.jpg,https://www.musinsa.com/app/styles/views/31168
포멀,부드러운 인상,모델 : 임다비,https://image.msscdn.net/images/style/list/l_3_2023011815423300000090928.jpg,https://www.musinsa.com/app/styles/views/31167
캐주얼,미니멀 무드,모델 : 임다비,https://image.msscdn.net/images/style/list/l_3_2023011815395800000095714.jpg,https://www.musinsa.com/app/styles/views/31166
걸리시,핑크 러버,모델 : 임다비,https://image.msscdn.net/images/style/list/l_3_2023011815372700000062711.jpg,https://www.musinsa.com/app/styles/views/31165
골프,화사한 필드 룩,모델 : 임다비,https://image.msscdn.net/images/style/list/l_3_2023011815331400000083475.jpg,https://www.musinsa.com/app/styles/views/31164
골프,베스트 조합,모델 : 임다비,https://image.msscdn.net/images/style/list/l_3_2023011815295700000043719.jpg,https://www.musinsa.com/app/styles/views/31163
골프,필드 위 멋쟁이,모델 : 송호준,https://image.msscdn.net/images/style/list/l_3_2023011711411700000078780.jpg,https://www.musinsa.com/app/styles/views/31142
캐주얼,활동성 UP!,모델 : 송호준,https://image.msscdn.net/images/style/list/l_3_2023011711405300000001305.jpg,https://www.musinsa.com/app/styles/views/31141
아메리칸 캐주얼,프렌치 캐주얼,모델 : 송호준,https://image.msscdn.net/images/style/list/l_3_2023011711402400000088155.jpg,https://www.musinsa.com/app/styles/views/31140
스포츠,겨울 아웃도어,모델 : 송호준,https://image.msscdn.net/images/style/list/l_3_2023011711385700000027639.jpg,https://www.musinsa.com/app/styles/views/31139
캐주얼,컬러 조합이 관건,모델 : 송호준,https://image.msscdn.net/images/style/list/l_3_2023011711364600000066575.jpg,https://www.musinsa.com/app/styles/views/31138
스포츠,러닝 가는 날,모델 : 송호준,https://image.msscdn.net/images/style/list/l_3_2023011711345300000013499.jpg,https://www.musinsa.com/app/styles/views/31137
아메리칸 캐주얼,이지 워크 웨어,모델 : 송호준,https://image.msscdn.net/images/style/list/l_3_2023011711324800000005563.jpg,https://www.musinsa.com/app/styles/views/31136
댄디,레더 포인트,모델 : 송호준,https://image.msscdn.net/images/style/list/l_3_2023011711305100000055795.jpg,https://www.musinsa.com/app/styles/views/31135
스트릿,유광 패딩 코디,모델 : 송호준,https://image.msscdn.net/images/style/list/l_3_2023011711282700000012303.jpg,https://www.musinsa.com/app/styles/views/31134
스트릿,트렌디한 조합,모델 : 송호준,https://image.msscdn.net/images/style/list/l_3_2023011711263000000039684.jpg,https://www.musinsa.com/app/styles/views/31133
스포츠,고프코어 룩,모델 : 송호준,https://image.msscdn.net/images/style/list/l_3_2023011711240100000027639.jpg,https://www.musinsa.com/app/styles/views/31132
캐주얼,남친 룩 추천,모델 : 송호준,https://image.msscdn.net/images/style/list/l_3_2023011711194000000084382.jpg,https://www.musinsa.com/app/styles/views/31131
스트릿,독보적인 분위기,모델 : 송호준,https://image.msscdn.net/images/style/list/l_3_2023011711162700000077568.jpg,https://www.musinsa.com/app/styles/views/31130
캐주얼,더플코트 활용법,모델 : 송호준,https://image.msscdn.net/images/style/list/l_3_2023011711120800000055171.jpg,https://www.musinsa.com/app/styles/views/31129
스트릿,원 컬러 포인트,모델 : 송호준,https://image.msscdn.net/images/style/list/l_3_2023011711101000000033771.jpg,https://www.musinsa.com/app/styles/views/31128
댄디,오버 핏 코트 연출법,모델 : 송호준,https://image.msscdn.net/images/style/list/l_3_2023011711080300000001462.jpg,https://www.musinsa.com/app/styles/views/31127
캐주얼,꾸민 듯 안 꾸민 듯,모델 : 송호준,https://image.msscdn.net/images/style/list/l_3_2023011711055400000085022.jpg,https://www.musinsa.com/app/styles/views/31126
캐주얼,환절기 캠퍼스 룩,모델 : 송호준,https://image.msscdn.net/images/style/list/l_3_2023011711034100000047655.jpg,https://www.musinsa.com/app/styles/views/31125
캐주얼,MLB 코디,모델 : 송호준,https://image.msscdn.net/images/style/list/l_3_2023011711012000000039683.jpg,https://www.musinsa.com/app/styles/views/31124
댄디,모노톤 연출,모델 : 송호준,https://image.msscdn.net/images/style/list/l_3_2023011710591100000086230.jpg,https://www.musinsa.com/app/styles/views/31123
스트릿,스트릿 패션,모델 : 김성주,https://image.msscdn.net/images/style/list/l_3_2023011716503000000087205.jpg,https://www.musinsa.com/app/styles/views/31162
아메리칸 캐주얼,아메카지 룩,모델 : 김성주,https://image.msscdn.net/images/style/list/l_3_2023011716485700000052634.jpg,https://www.musinsa.com/app/styles/views/31161
스트릿,유니크한 조합,모델 : 김성주,https://image.msscdn.net/images/style/list/l_3_2023011716461500000096521.jpg,https://www.musinsa.com/app/styles/views/31160
캐주얼,캐주얼 무드,모델 : 김성주,https://image.msscdn.net/images/style/list/l_3_2023011716441800000041478.jpg,https://www.musinsa.com/app/styles/views/31159
캐주얼,데일리하게,모델 : 김성주,https://image.msscdn.net/images/style/list/l_3_2023011716423700000025600.jpg,https://www.musinsa.com/app/styles/views/31158
캐주얼,따뜻하게,모델 : 김성주,https://image.msscdn.net/images/style/list/l_3_2023011716403900000044516.jpg,https://www.musinsa.com/app/styles/views/31157
스트릿,워너비 스트릿 룩,모델 : 김성주,https://image.msscdn.net/images/style/list/l_3_2023011716382400000034955.jpg,https://www.musinsa.com/app/styles/views/31156
댄디,뉴트럴 톤 매치,모델 : 김성주,https://image.msscdn.net/images/style/list/l_3_2023011716362800000022957.jpg,https://www.musinsa.com/app/styles/views/31155
캐주얼,컬러 블록 포인트,모델 : 김성주,https://image.msscdn.net/images/style/list/l_3_2023011716344800000099245.jpg,https://www.musinsa.com/app/styles/views/31154
댄디,니트의 계절,모델 : 김성주,https://image.msscdn.net/images/style/list/l_3_2023011716315100000024419.jpg,https://www.musinsa.com/app/styles/views/31153
댄디,데이트 스타일링,모델 : 김성주,https://image.msscdn.net/images/style/list/l_3_2023011716293700000046820.jpg,https://www.musinsa.com/app/styles/views/31152
댄디,무톤 재킷 코디,모델 : 김성주,https://image.msscdn.net/images/style/list/l_3_2023011716270900000026896.jpg,https://www.musinsa.com/app/styles/views/31151
캐주얼,레이어드 룩,모델 : 김성주,https://image.msscdn.net/images/style/list/l_3_2023011716202900000014503.jpg,https://www.musinsa.com/app/styles/views/31150
스트릿,핑크 컬러가 대세,모델 : 김성주,https://image.msscdn.net/images/style/list/l_3_2023011716154800000059224.jpg,https://www.musinsa.com/app/styles/views/31149
댄디,스타일리시하게,모델 : 김성주,https://image.msscdn.net/images/style/list/l_3_2023011716124600000067075.jpg,https://www.musinsa.com/app/styles/views/31148
스트릿,개성 있게,모델 : 김성주,https://image.msscdn.net/images/style/list/l_3_2023011716075600000070645.jpg,https://www.musinsa.com/app/styles/views/31147
아메리칸 캐주얼,센스 있는 연출,모델 : 김성주,https://image.msscdn.net/images/style/list/l_3_2023011715553500000052700.jpg,https://www.musinsa.com/app/styles/views/31146
스트릿,패턴 활용법,모델 : 김성주,https://image.msscdn.net/images/style/list/l_3_2023011715492600000004920.jpg,https://www.musinsa.com/app/styles/views/31145
캐주얼,심플하게 완성,모델 : 김성주,https://image.msscdn.net/images/style/list/l_3_2023011715465300000082329.jpg,https://www.musinsa.com/app/styles/views/31144
아메리칸 캐주얼,빈티지 바이브,모델 : 김성주,https://image.msscdn.net/images/style/list/l_3_2023011715404700000034711.jpg,https://www.musinsa.com/app/styles/views/31143
캐주얼,편안하고 멋스럽게,모델 : 김유빈,https://image.msscdn.net/images/style/list/l_3_2023011611250000000041729.jpg,https://www.musinsa.com/app/styles/views/31122
캐주얼,데일리로 좋아,모델 : 김유빈,https://image.msscdn.net/images/style/list/l_3_2023011611225000000043241.jpg,https://www.musinsa.com/app/styles/views/31121
걸리시,감각적이야,모델 : 김유빈,https://image.msscdn.net/images/style/list/l_3_2023011611202300000083909.jpg,https://www.musinsa.com/app/styles/views/31120
걸리시,올 블랙 스타일링,모델 : 김유빈,https://image.msscdn.net/images/style/list/l_3_2023011611182200000012016.jpg,https://www.musinsa.com/app/styles/views/31119
걸리시,귀여운 디테일,모델 : 김유빈,https://image.msscdn.net/images/style/list/l_3_2023011611154600000043811.jpg,https://www.musinsa.com/app/styles/views/31117
걸리시,트렌드 아이템,모델 : 김유빈,https://image.msscdn.net/images/style/list/l_3_2023011611135200000065337.jpg,https://www.musinsa.com/app/styles/views/31116
캐주얼,확실한 포인트,모델 : 김유빈,https://image.msscdn.net/images/style/list/l_3_2023011611120200000049328.jpg,https://www.musinsa.com/app/styles/views/31115
포멀,차분한 분위기,모델 : 김유빈,https://image.msscdn.net/images/style/list/l_3_2023011611091400000072458.jpg,https://www.musinsa.com/app/styles/views/31114
캐주얼,손쉽게 멋 내기,모델 : 김유빈,https://image.msscdn.net/images/style/list/l_3_2023011611062500000043755.jpg,https://www.musinsa.com/app/styles/views/31113
로맨틱,뉴트럴 톤 연출,모델 : 김유빈,https://image.msscdn.net/images/style/list/l_3_2023011611043200000034806.jpg,https://www.musinsa.com/app/styles/views/31112
캐주얼,오버사이즈 핏 매력,모델 : 김유빈,https://image.msscdn.net/images/style/list/l_3_2023011611010600000030009.jpg,https://www.musinsa.com/app/styles/views/31111
캐주얼,따라 입고 싶어!,모델 : 김유빈,https://image.msscdn.net/images/style/list/l_3_2023011610535300000014019.jpg,https://www.musinsa.com/app/styles/views/31110
걸리시,포근한 마무리,모델 : 김유빈,https://image.msscdn.net/images/style/list/l_3_2023011610520400000050483.jpg,https://www.musinsa.com/app/styles/views/31109
걸리시,센스 있는 조합,모델 : 김유빈,https://image.msscdn.net/images/style/list/l_3_2023011610224700000023539.jpg,https://www.musinsa.com/app/styles/views/31108
포멀,간결한 실루엣,모델 : 김유빈,https://image.msscdn.net/images/style/list/l_3_2023011610203700000032607.jpg,https://www.musinsa.com/app/styles/views/31107
시크,시크한 무드,모델 : 김유빈,https://image.msscdn.net/images/style/list/l_3_2023011610190400000082055.jpg,https://www.musinsa.com/app/styles/views/31106
로맨틱,데이트하는 날,모델 : 김유빈,https://image.msscdn.net/images/style/list/l_3_2023011610162200000028957.jpg,https://www.musinsa.com/app/styles/views/31105
캐주얼,브라운 컬러 매치,모델 : 김유빈,https://image.msscdn.net/images/style/list/l_3_2023011610132900000015028.jpg,https://www.musinsa.com/app/styles/views/31104
걸리시,코트 활용법,모델 : 김유빈,https://image.msscdn.net/images/style/list/l_3_2023011610100900000013197.jpg,https://www.musinsa.com/app/styles/views/31103
골프,레이어드 코디,모델 : 김유빈,https://image.msscdn.net/images/style/list/l_3_2023011609570200000009046.jpg,https://www.musinsa.com/app/styles/views/31102
스트릿,그래픽 포인트,모델 : 김명표,https://image.msscdn.net/images/style/list/l_3_2023011216251400000082906.jpg,https://www.musinsa.com/app/styles/views/31091
댄디,워너비 스타일,모델 : 김명표,https://image.msscdn.net/images/style/list/l_3_2023011216235100000088463.jpg,https://www.musinsa.com/app/styles/views/31090
아메리칸 캐주얼,아메카지,모델 : 김명표,https://image.msscdn.net/images/style/list/l_3_2023011216175600000009491.jpg,https://www.musinsa.com/app/styles/views/31089
캐주얼,트렌디한 조합,모델 : 김명표,https://image.msscdn.net/images/style/list/l_3_2023011216153300000071057.jpg,https://www.musinsa.com/app/styles/views/31088
댄디,데일리 룩,모델 : 김명표,https://image.msscdn.net/images/style/list/l_3_2023011216122400000056211.jpg,https://www.musinsa.com/app/styles/views/31087
캐주얼,오버 핏의 매력,모델 : 김명표,https://image.msscdn.net/images/style/list/l_3_2023011215513700000062848.jpg,https://www.musinsa.com/app/styles/views/31086
스포츠,가벼운 발걸음,모델 : 김명표,https://image.msscdn.net/images/style/list/l_3_2023011215492500000042672.jpg,https://www.musinsa.com/app/styles/views/31085
캐주얼,훈훈 남친 룩,모델 : 김명표,https://image.msscdn.net/images/style/list/l_3_2023011215471800000000772.jpg,https://www.musinsa.com/app/styles/views/31084
댄디,웨어러블한 착용,모델 : 김명표,https://image.msscdn.net/images/style/list/l_3_2023011215450300000035813.jpg,https://www.musinsa.com/app/styles/views/31083
캐주얼,머플러 포인트,모델 : 김명표,https://image.msscdn.net/images/style/list/l_3_2023011215430600000019524.jpg,https://www.musinsa.com/app/styles/views/31082
스포츠,활동성 UP!,모델 : 김명표,https://image.msscdn.net/images/style/list/l_3_2023011215414400000028254.jpg,https://www.musinsa.com/app/styles/views/31081
스포츠,겨울 고프코어,모델 : 김명표,https://image.msscdn.net/images/style/list/l_3_2023011215391000000094993.jpg,https://www.musinsa.com/app/styles/views/31080
스포츠,러닝 룩 추천,모델 : 김명표,https://image.msscdn.net/images/style/list/l_3_2023011215330500000048925.jpg,https://www.musinsa.com/app/styles/views/31079
아메리칸 캐주얼,더플코트 코디,모델 : 김명표,https://image.msscdn.net/images/style/list/l_3_2023011215300200000081970.jpg,https://www.musinsa.com/app/styles/views/31078
아메리칸 캐주얼,빈티지 무드,모델 : 김명표,https://image.msscdn.net/images/style/list/l_3_2023011215270500000048441.jpg,https://www.musinsa.com/app/styles/views/31077
캐주얼,뉴트럴 색감,모델 : 김명표,https://image.msscdn.net/images/style/list/l_3_2023011215240800000070427.jpg,https://www.musinsa.com/app/styles/views/31076
댄디,감각적이야,모델 : 김명표,https://image.msscdn.net/images/style/list/l_3_2023011215223100000078216.jpg,https://www.musinsa.com/app/styles/views/31075
댄디,코트 활용법,모델 : 김명표,https://image.msscdn.net/images/style/list/l_3_2023011215204800000033407.jpg,https://www.musinsa.com/app/styles/views/31074
댄디,미니멀 스타일링,모델 : 김명표,https://image.msscdn.net/images/style/list/l_3_2023011215195000000099348.jpg,https://www.musinsa.com/app/styles/views/31073
댄디,셋업 코디,모델 : 김명표,https://image.msscdn.net/images/style/list/l_3_2023011214293300000061745.jpg,https://www.musinsa.com/app/styles/views/31072
캐주얼,트렌디하게,모델 : 한승민,https://image.msscdn.net/images/style/list/l_3_2023011112294100000022026.jpg,https://www.musinsa.com/app/styles/views/31056
캐주얼,스타일 좋아,모델 : 한승민,https://image.msscdn.net/images/style/list/l_3_2023011112274900000005046.jpg,https://www.musinsa.com/app/styles/views/31055
캐주얼,가볍게 멋 내기,모델 : 한승민,https://image.msscdn.net/images/style/list/l_3_2023011112255300000077348.jpg,https://www.musinsa.com/app/styles/views/31054
캐주얼,톤온톤 조합,모델 : 한승민,https://image.msscdn.net/images/style/list/l_3_2023011112234700000051903.jpg,https://www.musinsa.com/app/styles/views/31053
캐주얼,스트라이프 활용법,모델 : 한승민,https://image.msscdn.net/images/style/list/l_3_2023011112213800000047898.jpg,https://www.musinsa.com/app/styles/views/31052
캐주얼,윈터 캠퍼스 룩,모델 : 한승민,https://image.msscdn.net/images/style/list/l_3_2023011112190400000003568.jpg,https://www.musinsa.com/app/styles/views/31051
캐주얼,데일리하게,모델 : 한승민,https://image.msscdn.net/images/style/list/l_3_2023011112163900000012694.jpg,https://www.musinsa.com/app/styles/views/31050
포멀,심플한 포인트,모델 : 한승민,https://image.msscdn.net/images/style/list/l_3_2023011112142000000031837.jpg,https://www.musinsa.com/app/styles/views/31049
캐주얼,끌리는 코디,모델 : 한승민,https://image.msscdn.net/images/style/list/l_3_2023011112115500000012496.jpg,https://www.musinsa.com/app/styles/views/31048
포멀,미니멀 스타일링,모델 : 한승민,https://image.msscdn.net/images/style/list/l_3_2023011112095200000038699.jpg,https://www.musinsa.com/app/styles/views/31047
캐주얼,꾸안꾸의 정석,모델 : 한승민,https://image.msscdn.net/images/style/list/l_3_2023011112061100000005791.jpg,https://www.musinsa.com/app/styles/views/31046
스트릿,셋업 코디는 이렇게!,모델 : 한승민,https://image.msscdn.net/images/style/list/l_3_2023011112040000000004868.jpg,https://www.musinsa.com/app/styles/views/31045
캐주얼,블랙의 매력,모델 : 한승민,https://image.msscdn.net/images/style/list/l_3_2023011112020900000034002.jpg,https://www.musinsa.com/app/styles/views/31044
캐주얼,찰떡 매치,모델 : 한승민,https://image.msscdn.net/images/style/list/l_3_2023011111594800000010809.jpg,https://www.musinsa.com/app/styles/views/31043
스트릿,유니크해,모델 : 한승민,https://image.msscdn.net/images/style/list/l_3_2023011111575800000047593.jpg,https://www.musinsa.com/app/styles/views/31042
걸리시,따라 입고 싶어,모델 : 한승민,https://image.msscdn.net/images/style/list/l_3_2023011111551100000024336.jpg,https://www.musinsa.com/app/styles/views/31041
로맨틱,데이트 룩 연출,모델 : 한승민,https://image.msscdn.net/images/style/list/l_3_2023011111515100000068381.jpg,https://www.musinsa.com/app/styles/views/31040
캐주얼,패션 센스가 돋보여,모델 : 한승민,https://image.msscdn.net/images/style/list/l_3_2023011111475600000085356.jpg,https://www.musinsa.com/app/styles/views/31039
걸리시,하이틴 무드,모델 : 한승민,https://image.msscdn.net/images/style/list/l_3_2023011111440200000060824.jpg,https://www.musinsa.com/app/styles/views/31038
골프,화이트 골프 웨어,모델 : 한승민,https://image.msscdn.net/images/style/list/l_3_2023011111413800000019778.jpg,https://www.musinsa.com/app/styles/views/31037
포멀,패셔너블한 윈터 룩,모델 : 이태준,https://image.msscdn.net/images/style/list/l_3_2023011115300700000072807.jpg,https://www.musinsa.com/app/styles/views/31071
스포츠,고프코어 스타일,모델 : 이태준,https://image.msscdn.net/images/style/list/l_3_2023011115281200000084850.jpg,https://www.musinsa.com/app/styles/views/31070
댄디,롱 패딩 스타일링,모델 : 이태준,https://image.msscdn.net/images/style/list/l_3_2023011115261500000081397.jpg,https://www.musinsa.com/app/styles/views/31069
스트릿,윈터 액세서리,모델 : 이태준,https://image.msscdn.net/images/style/list/l_3_2023011115232300000023521.jpg,https://www.musinsa.com/app/styles/views/31068
댄디,돋보이는 머플러,모델 : 이태준,https://image.msscdn.net/images/style/list/l_3_2023011115205700000011076.jpg,https://www.musinsa.com/app/styles/views/31067
캐주얼,핑크를 더해봐,모델 : 이태준,https://image.msscdn.net/images/style/list/l_3_2023011115184100000059874.jpg,https://www.musinsa.com/app/styles/views/31066
스트릿,눈에 띄는 디테일,모델 : 이태준,https://image.msscdn.net/images/style/list/l_3_2023011115161300000050773.jpg,https://www.musinsa.com/app/styles/views/31065
댄디,트렌디한 무드,모델 : 이태준,https://image.msscdn.net/images/style/list/l_3_2023011115113000000007638.jpg,https://www.musinsa.com/app/styles/views/31064
캐주얼,힙해 보여,모델 : 이태준,https://image.msscdn.net/images/style/list/l_3_2023011115044300000039384.jpg,https://www.musinsa.com/app/styles/views/31063
스트릿,포인트로 완성,모델 : 이태준,https://image.msscdn.net/images/style/list/l_3_2023011115021900000043166.jpg,https://www.musinsa.com/app/styles/views/31062
캐주얼,더플코트 활용법,모델 : 이태준,https://image.msscdn.net/images/style/list/l_3_2023011115000900000017955.jpg,https://www.musinsa.com/app/styles/views/31061
아메리칸 캐주얼,아메카지 무드,모델 : 이태준,https://image.msscdn.net/images/style/list/l_3_2023011114580900000029987.jpg,https://www.musinsa.com/app/styles/views/31060
스트릿,눈에 띄는 매치,모델 : 이태준,https://image.msscdn.net/images/style/list/l_3_2023011114553200000018206.jpg,https://www.musinsa.com/app/styles/views/31059
댄디,스타일리시한 출근 룩,모델 : 이태준,https://image.msscdn.net/images/style/list/l_3_2023011114531900000022913.jpg,https://www.musinsa.com/app/styles/views/31058
캐주얼,깔끔한 코디,모델 : 이태준,https://image.msscdn.net/images/style/list/l_3_2023011114511400000072439.jpg,https://www.musinsa.com/app/styles/views/31057
걸리시,특별한 날,모델 : 김지호,https://image.msscdn.net/images/style/list/l_3_2023011109543800000024120.jpg,https://www.musinsa.com/app/styles/views/31036
로맨틱,코트 연출법,모델 : 김지호,https://image.msscdn.net/images/style/list/l_3_2023011109505900000049623.jpg,https://www.musinsa.com/app/styles/views/31035
시크,무드를 더해,모델 : 김지호,https://image.msscdn.net/images/style/list/l_3_2023011109484200000098098.jpg,https://www.musinsa.com/app/styles/views/31034
걸리시,데이트 룩 추천!,모델 : 김지호,https://image.msscdn.net/images/style/list/l_3_2023011109460200000097712.jpg,https://www.musinsa.com/app/styles/views/31033
캐주얼,포근한 마무리,모델 : 김지호,https://image.msscdn.net/images/style/list/l_3_2023011109433100000067620.jpg,https://www.musinsa.com/app/styles/views/31032
캐주얼,캠퍼스 코디,모델 : 김지호,https://image.msscdn.net/images/style/list/l_3_2023011109401400000087212.jpg,https://www.musinsa.com/app/styles/views/31031
캐주얼,데일리 무드,모델 : 김지호,https://image.msscdn.net/images/style/list/l_3_2023011109301800000023924.jpg,https://www.musinsa.com/app/styles/views/31030
걸리시,러블리 그 자체,모델 : 김지호,https://image.msscdn.net/images/style/list/l_3_2023011109265000000042121.jpg,https://www.musinsa.com/app/styles/views/31029
스트릿,요즘 대세!,모델 : 김지호,https://image.msscdn.net/images/style/list/l_3_2023011109071500000050767.jpg,https://www.musinsa.com/app/styles/views/31028
캐주얼,완벽한 매치,모델 : 김지호,https://image.msscdn.net/images/style/list/l_3_2023011109034500000075834.jpg,https://www.musinsa.com/app/styles/views/31027
캐주얼,찰떡 스타일링,모델 : 김지호,https://image.msscdn.net/images/style/list/l_3_2023011109004500000026521.jpg,https://www.musinsa.com/app/styles/views/31026
시크,돋보이는 실루엣,모델 : 김지호,https://image.msscdn.net/images/style/list/l_3_2023011108565500000042277.jpg,https://www.musinsa.com/app/styles/views/31025
걸리시,귀여운 매력,모델 : 김지호,https://image.msscdn.net/images/style/list/l_3_2023011108530300000087526.jpg,https://www.musinsa.com/app/styles/views/31024
시크,무심한 멋,모델 : 김지호,https://image.msscdn.net/images/style/list/l_3_2023011108500200000050727.jpg,https://www.musinsa.com/app/styles/views/31023
캐주얼,남다른 디테일,모델 : 김지호,https://image.msscdn.net/images/style/list/l_3_2023011108460700000092250.jpg,https://www.musinsa.com/app/styles/views/31022
스트릿,확실한 존재감,모델 : 임동우,https://image.msscdn.net/images/style/list/l_3_2023011015385900000033445.jpg,https://www.musinsa.com/app/styles/views/31021
스트릿,스트릿 바이브,모델 : 임동우,https://image.msscdn.net/images/style/list/l_3_2023011015382500000024615.jpg,https://www.musinsa.com/app/styles/views/31020
캐주얼,개성 있게,모델 : 임동우,https://image.msscdn.net/images/style/list/l_3_2023011015374400000068701.jpg,https://www.musinsa.com/app/styles/views/31019
스트릿,유니크한 조합,모델 : 임동우,https://image.msscdn.net/images/style/list/l_3_2023011015363900000081922.jpg,https://www.musinsa.com/app/styles/views/31018
캐주얼,트렌디한 매치,모델 : 임동우,https://image.msscdn.net/images/style/list/l_3_2023011015354300000004307.jpg,https://www.musinsa.com/app/styles/views/31017
댄디,뉴트럴 톤 코디,모델 : 임동우,https://image.msscdn.net/images/style/list/l_3_2023011015344700000066329.jpg,https://www.musinsa.com/app/styles/views/31016
댄디,무스탕 활용법,모델 : 임동우,https://image.msscdn.net/images/style/list/l_3_2023011015342100000059186.jpg,https://www.musinsa.com/app/styles/views/31015
포멀,오늘의 출근 룩,모델 : 임동우,https://image.msscdn.net/images/style/list/l_3_2023011015335300000090221.jpg,https://www.musinsa.com/app/styles/views/31014
댄디,미니멀 댄디 룩,모델 : 임동우,https://image.msscdn.net/images/style/list/l_3_2023011015331300000093470.jpg,https://www.musinsa.com/app/styles/views/31013
포멀,포멀하게,모델 : 임동우,https://image.msscdn.net/images/style/list/l_3_2023011015323800000014249.jpg,https://www.musinsa.com/app/styles/views/31012
캐주얼,캐주얼한 무드,모델 : 임동우,https://image.msscdn.net/images/style/list/l_3_2023011015315200000094756.jpg,https://www.musinsa.com/app/styles/views/31011
스트릿,레이어드 룩,모델 : 임동우,https://image.msscdn.net/images/style/list/l_3_2023011015310400000004492.jpg,https://www.musinsa.com/app/styles/views/31010
캐주얼,데일리하게,모델 : 임동우,https://image.msscdn.net/images/style/list/l_3_2023011015303100000081989.jpg,https://www.musinsa.com/app/styles/views/31009
캐주얼,꾸안꾸 느낌,모델 : 임동우,https://image.msscdn.net/images/style/list/l_3_2023011015295900000020150.jpg,https://www.musinsa.com/app/styles/views/31008
아메리칸 캐주얼,겨울 아메카지,모델 : 임동우,https://image.msscdn.net/images/style/list/l_3_2023011015273400000035115.jpg,https://www.musinsa.com/app/styles/views/31007
걸리시,러블리한 마무리,모델 : 권수희,https://image.msscdn.net/images/style/list/l_3_2023010909101800000056483.jpg,https://www.musinsa.com/app/styles/views/31006
걸리시,스타일리시,모델 : 권수희,https://image.msscdn.net/images/style/list/l_3_2023010909072500000022483.jpg,https://www.musinsa.com/app/styles/views/31005
걸리시,멋쁨의 정석,모델 : 권수희,https://image.msscdn.net/images/style/list/l_3_2023010909034100000076056.jpg,https://www.musinsa.com/app/styles/views/31004
걸리시,돋보이는 센스,모델 : 권수희,https://image.msscdn.net/images/style/list/l_3_2023010908594100000067825.jpg,https://www.musinsa.com/app/styles/views/31003
스트릿,개성 넘쳐,모델 : 권수희,https://image.msscdn.net/images/style/list/l_3_2023010908560100000066887.jpg,https://www.musinsa.com/app/styles/views/31002
캐주얼,완벽 데일리 룩,모델 : 권수희,https://image.msscdn.net/images/style/list/l_3_2023010908530400000043560.jpg,https://www.musinsa.com/app/styles/views/31001
로맨틱,따뜻한 데이트 룩,모델 : 권수희,https://image.msscdn.net/images/style/list/l_3_2023010908503300000012913.jpg,https://www.musinsa.com/app/styles/views/31000
캐주얼,감각적 조합,모델 : 권수희,https://image.msscdn.net/images/style/list/l_3_2023010908474000000091973.jpg,https://www.musinsa.com/app/styles/views/30999
걸리시,편하고 예쁘게,모델 : 권수희,https://image.msscdn.net/images/style/list/l_3_2023010908443700000089915.jpg,https://www.musinsa.com/app/styles/views/30998
걸리시,귀여운 디테일,모델 : 권수희,https://image.msscdn.net/images/style/list/l_3_2023010908403500000031498.jpg,https://www.musinsa.com/app/styles/views/30997
캐주얼,포인트를 더해,모델 : 권수희,https://image.msscdn.net/images/style/list/l_3_2023010908372100000089185.jpg,https://www.musinsa.com/app/styles/views/30996
캐주얼,스타일 뽐내기,모델 : 권수희,https://image.msscdn.net/images/style/list/l_3_2023010908330100000089802.jpg,https://www.musinsa.com/app/styles/views/30995
레트로,레트로 시크,모델 : 권수희,https://image.msscdn.net/images/style/list/l_3_2023010908291600000064035.jpg,https://www.musinsa.com/app/styles/views/30994
걸리시,핑크 러버,모델 : 권수희,https://image.msscdn.net/images/style/list/l_3_2023010908252200000063897.jpg,https://www.musinsa.com/app/styles/views/30993
시크,무심한 포인트,모델 : 권수희,https://image.msscdn.net/images/style/list/l_3_2023010908220900000062677.jpg,https://www.musinsa.com/app/styles/views/30992
골프,캐주얼 골프 룩,모델 : 우지우,https://image.msscdn.net/images/style/list/l_3_2023010612562900000013304.jpg,https://www.musinsa.com/app/styles/views/30991
스트릿,이지 테크 웨어,모델 : 우지우,https://image.msscdn.net/images/style/list/l_3_2023010612544000000030497.jpg,https://www.musinsa.com/app/styles/views/30990
스트릿,힙 바이브,모델 : 우지우,https://image.msscdn.net/images/style/list/l_3_2023010612524100000081074.jpg,https://www.musinsa.com/app/styles/views/30989
스포츠,고프코어 끝판왕,모델 : 우지우,https://image.msscdn.net/images/style/list/l_3_2023010612500300000039176.jpg,https://www.musinsa.com/app/styles/views/30988
캐주얼,돋보이는 존재감,모델 : 우지우,https://image.msscdn.net/images/style/list/l_3_2023010612594500000062352.jpg,https://www.musinsa.com/app/styles/views/30987
댄디,깔끔한 조합,모델 : 우지우,https://image.msscdn.net/images/style/list/l_3_2023010612460500000003574.jpg,https://www.musinsa.com/app/styles/views/30986
댄디,블루 포인트,모델 : 우지우,https://image.msscdn.net/images/style/list/l_3_2023010612441900000039684.jpg,https://www.musinsa.com/app/styles/views/30985
댄디,미니멀 스타일링,모델 : 우지우,https://image.msscdn.net/images/style/list/l_3_2023010612422800000039346.jpg,https://www.musinsa.com/app/styles/views/30984
아메리칸 캐주얼,아메카지,모델 : 우지우,https://image.msscdn.net/images/style/list/l_3_2023010612410600000073721.jpg,https://www.musinsa.com/app/styles/views/30983
댄디,더블 코트 활용법,모델 : 우지우,https://image.msscdn.net/images/style/list/l_3_2023010612382900000094744.jpg,https://www.musinsa.com/app/styles/views/30982
댄디,컬러 조합이 관건,모델 : 우지우,https://image.msscdn.net/images/style/list/l_3_2023010612351700000056097.jpg,https://www.musinsa.com/app/styles/views/30981
댄디,원 컬러 포인트,모델 : 우지우,https://image.msscdn.net/images/style/list/l_3_2023010612285000000018543.jpg,https://www.musinsa.com/app/styles/views/30980
캐주얼,가벼운 발걸음,모델 : 우지우,https://image.msscdn.net/images/style/list/l_3_2023010612345500000030256.jpg,https://www.musinsa.com/app/styles/views/30979
댄디,겨울 댄디 룩,모델 : 우지우,https://image.msscdn.net/images/style/list/l_3_2023010612184400000082047.jpg,https://www.musinsa.com/app/styles/views/30978
스트릿,패셔너블,모델 : 우지우,https://image.msscdn.net/images/style/list/l_3_2023010612170500000043462.jpg,https://www.musinsa.com/app/styles/views/30977
레트로,남다른 매치,모델 : 한규리,https://image.msscdn.net/images/style/list/l_3_2023010515350800000048622.jpg,https://www.musinsa.com/app/styles/views/30966
스포츠,애슬레저 코디,모델 : 한규리,https://image.msscdn.net/images/style/list/l_3_2023010515345600000001666.jpg,https://www.musinsa.com/app/styles/views/30965
로맨틱,분위기를 더해,모델 : 한규리,https://image.msscdn.net/images/style/list/l_3_2023010515344700000080848.jpg,https://www.musinsa.com/app/styles/views/30964
레트로,넘치는 매력,모델 : 한규리,https://image.msscdn.net/images/style/list/l_3_2023010515343500000007742.jpg,https://www.musinsa.com/app/styles/views/30963
캐주얼,확실한 포인트,모델 : 한규리,https://image.msscdn.net/images/style/list/l_3_2023010515342500000089574.jpg,https://www.musinsa.com/app/styles/views/30962
